STATE,DISTRICT,YEAR,JAN,FEB,MAR,APR,MAY,JUN,JUL,AUG,SEP,OCT,0V,DEC,ANNUAL RAINFALL,FLOOD 
108,108001,2000,0.1410432364142043,0.26053689958473664,0.4146916819153862,0.4050151597991948,0.42807262569832405,0.25373060822457527,0.051149219959509336,0.21009410624569635,0.31237691486642916,0.5369215466472993,0.24197395776343145,0.2168940146064818,0.2737082175627028,0
108,108001,2001,0.14128863964807356,0.06327044436451625,0.33492801869529754,0.47472538396540587,0.32018156424581007,0.1258310760896331,0.18570124250724462,0.2821402157557828,0.18799140095311118,0.39382983090452656,0.15328810591968484,0.13151273647132422,0.1372134774126703,1
108,108001,2002,0.05235268989211347,0.07737958996828305,0.1445578606230296,0.4413489736070381,0.13791899441340782,0.10236394976606747,0.0848517327617006,0.07107699370074724,0.30759632586178387,0.24983816726400052,0.184790458474669,0.2862680031008174,0.05513430430277819,1
108,108001,2003,0.07201221562764148,0.188061995226106,0.37659560395952285,0.17600278343854067,0.09735800744878956,0.27653287367643437,0.18772577507840102,0.4784881793374308,0.23675942211999582,1.0,0.17399058978006346,0.174393776605149,0.27046612133902925,1
108,108001,2004,0.10511438517400906,0.11141810809927083,0.2165391653255142,0.27138525771658634,0.15322392923649905,0.2253632110317656,0.14354332896669442,0.22868582795644077,0.21236037823779677,0.4918294204019767,0.10369843527738265,0.15595207333161065,0.08926343431954874,1
108,108001,2005,0.0731665197276933,0.07206618055782625,0.14433739720893315,0.23363487250857395,0.5407355679702047,0.19273577936468853,0.17780159580802668,0.22108591976741218,0.10031720260376738,0.39615074916715354,0.27296203085676773,0.38761577064831565,0.15676873150651682,1
108,108001,2006,0.07923797751379257,0.20351175489651113,0.33611852113141816,0.22463840151100953,0.6558717411545623,0.27372568332922925,0.1622007859949982,0.15049348397133455,0.1702972083164209,0.2550483919352038,0.14613196192143563,0.16364971643841203,0.12065762903822996,1
108,108001,2007,0.14031611572125827,0.05651832717522807,0.21567935801053814,0.44313832695462,0.17187500000000003,0.1500369367150948,0.26037076733754116,0.2595445155696106,0.33128880470241595,0.4147180952681687,0.11448736185578293,0.186511444464089,0.14628636857220192,0
108,108001,2008,0.09957008989029566,0.12291142137788967,0.3373531162503582,0.3685570853422139,0.18982774674115455,0.3560945579906427,0.2535826287166051,0.3239907168906684,0.2894511342623912,0.42703317176374006,0.3281102965313492,0.3313386554964708,0.27521103183912726,1
108,108001,2009,0.15048671641384073,0.1632115881372004,0.5490200401243414,0.4187832397236444,0.5925279329608938,0.06702782565870476,0.23784288039379142,0.6770804111091275,0.15894706775507753,0.2474856718821542,0.31137980085348504,0.2921024357736403,0.30748264607323644,1
108,108001,2010,0.08408241913054543,0.056207697086616756,0.16508300447540727,0.28945275610119786,0.19494878957169465,0.4360748584092588,0.2151562065817157,0.18112264415597665,0.10009170312241618,0.2888990637384152,0.37478936426304854,0.3675828584640074,0.16534068457390705,1
108,108002,2000,0.18007143960808195,0.25664584900107906,0.306730748032364,0.42415129976639004,0.29623486964618245,0.19628170401378972,0.04068913500853479,0.19239499120144857,0.2959304860265488,0.49053475851398076,0.14521282416019257,0.2188932258020645,0.20872627933677043,0
108,108002,2001,0.1744089872117648,0.09761959258411536,0.3239489406732952,0.5101396689696307,0.2340840316573557,0.12605269638020192,0.13129689174705253,0.21055316110275177,0.16916971090966493,0.37568877591297345,0.13931502352554986,0.13602796175658582,0.12112123012971501,0
108,108002,2002,0.08667278659916562,0.11795768891214073,0.19158270684979828,0.4589442815249267,0.17364990689013038,0.07185422309775917,0.06379262434996626,0.03254188875570632,0.30830289090335095,0.2550010262563746,0.1399277820330452,0.2610670619755471,0.05804970177070723,1
108,108002,2003,0.11034965416322041,0.27055880718045977,0.30725986022619545,0.292807793627914,0.135707635009311,0.25698103915291803,0.15608749156444757,0.3376603504118742,0.20248350095461448,0.8898747967222951,0.15688806215122003,0.18554583905669875,0.2525039126065271,1
108,108002,2004,0.14620579333412104,0.1819311382140405,0.26775281642011506,0.31020428450718235,0.11920972998137802,0.15449396700320117,0.1844309475606367,0.13993522225905997,0.17440129887701264,0.44479530132466016,0.10055804792646897,0.17036815406166272,0.09710731587413693,1
108,108002,2005,0.07768375703262045,0.07185364418140798,0.15262682157895896,0.3041403648292659,0.4065118715083798,0.15353361241073626,0.16466198245405106,0.31741093060620745,0.10861558351749125,0.43772202661951154,0.2577962577962578,0.35092276516748494,0.1558570864071538,0
108,108002,2006,0.10913172700253583,0.28376876042245697,0.375603518596089,0.37255827824444554,0.55737895716946,0.2287860132972174,0.1368345837799214,0.205886103389355,0.2019573354981284,0.28130476656614617,0.15305832147937412,0.20065552367093256,0.17899358114730385,1
108,108002,2007,0.18007143960808195,0.07991367753327012,0.20600101413170482,0.4798449227098763,0.12104283054003723,0.15525732578182713,0.24955341193283312,0.23582668128841394,0.26359386040078775,0.3764466267742394,0.1236130867709815,0.20111792626038708,0.14259000550720766,0
108,108002,2008,0.1424520327567872,0.14699342772128307,0.4957560792786437,0.39681395695611116,0.12462174115456237,0.32386111795124356,0.28436743281330634,0.43304174848894444,0.2685398156917573,0.5022498697443832,0.2599518546886968,0.2907968284622394,0.3092903791883559,0
108,108002,2009,0.18913318124392173,0.19451983127881503,0.6422540179457219,0.41207316467021227,0.5184473929236499,0.08532381186899778,0.2342900242149974,0.6358929892122108,0.18866789939716475,0.26827920488813806,0.2564503775030091,0.33677868596064137,0.33264778451572347,0
108,108002,2010,0.13560800923443278,0.0802570055259458,0.1944046385502326,0.346886028132611,0.31008496275605213,0.38524993843880817,0.1726807193045135,0.16115375787406594,0.09505554803890622,0.20561441179721177,0.3064339643287012,0.31469216227610874,0.14669085274598082,1
108,108003,2000,0.18007143960808195,0.25664584900107906,0.306730748032364,0.42415129976639004,0.29623486964618245,0.19628170401378972,0.04068913500853479,0.19239499120144857,0.2959304860265488,0.49053475851398076,0.14521282416019257,0.2188932258020645,0.20872627933677043,0
108,108003,2001,0.1744089872117648,0.09761959258411536,0.3239489406732952,0.5101396689696307,0.2340840316573557,0.12605269638020192,0.13129689174705253,0.21055316110275177,0.16916971090966493,0.37568877591297345,0.13931502352554986,0.13602796175658582,0.12112123012971501,0
108,108003,2002,0.08667278659916562,0.11795768891214073,0.19158270684979828,0.4589442815249267,0.17364990689013038,0.07185422309775917,0.06379262434996626,0.03254188875570632,0.30830289090335095,0.2550010262563746,0.1399277820330452,0.2610670619755471,0.05804970177070723,1
108,108003,2003,0.11034965416322041,0.27055880718045977,0.30725986022619545,0.292807793627914,0.135707635009311,0.25698103915291803,0.15608749156444757,0.3376603504118742,0.20248350095461448,0.8898747967222951,0.15688806215122003,0.18554583905669875,0.2525039126065271,1
108,108003,2004,0.14620579333412104,0.1819311382140405,0.26775281642011506,0.31020428450718235,0.11920972998137802,0.15449396700320117,0.1844309475606367,0.13993522225905997,0.17440129887701264,0.44479530132466016,0.10055804792646897,0.17036815406166272,0.09710731587413693,1
108,108003,2005,0.07768375703262045,0.07185364418140798,0.15262682157895896,0.3041403648292659,0.4065118715083798,0.15353361241073626,0.16466198245405106,0.31741093060620745,0.10861558351749125,0.43772202661951154,0.2577962577962578,0.35092276516748494,0.1558570864071538,0
108,108003,2006,0.10913172700253583,0.28376876042245697,0.375603518596089,0.37255827824444554,0.55737895716946,0.2287860132972174,0.1368345837799214,0.205886103389355,0.2019573354981284,0.28130476656614617,0.15305832147937412,0.20065552367093256,0.17899358114730385,1
108,108003,2007,0.18007143960808195,0.07991367753327012,0.20600101413170482,0.4798449227098763,0.12104283054003723,0.15525732578182713,0.24955341193283312,0.23582668128841394,0.26359386040078775,0.3764466267742394,0.1236130867709815,0.20111792626038708,0.14259000550720766,1
108,108003,2008,0.1424520327567872,0.14699342772128307,0.4957560792786437,0.39681395695611116,0.12462174115456237,0.32386111795124356,0.28436743281330634,0.43304174848894444,0.2685398156917573,0.5022498697443832,0.2599518546886968,0.2907968284622394,0.3092903791883559,1
108,108003,2009,0.18913318124392173,0.19451983127881503,0.6422540179457219,0.41207316467021227,0.5184473929236499,0.08532381186899778,0.2342900242149974,0.6358929892122108,0.18866789939716475,0.26827920488813806,0.2564503775030091,0.33677868596064137,0.33264778451572347,0
108,108003,2010,0.13560800923443278,0.0802570055259458,0.1944046385502326,0.346886028132611,0.31008496275605213,0.38524993843880817,0.1726807193045135,0.16115375787406594,0.09505554803890622,0.20561441179721177,0.3064339643287012,0.31469216227610874,0.14669085274598082,1
108,108004,2000,0.18007143960808195,0.25664584900107906,0.306730748032364,0.42415129976639004,0.29623486964618245,0.19628170401378972,0.04068913500853479,0.19239499120144857,0.2959304860265488,0.49053475851398076,0.14521282416019257,0.2188932258020645,0.20872627933677043,0
108,108004,2001,0.1744089872117648,0.09761959258411536,0.3239489406732952,0.5101396689696307,0.2340840316573557,0.12605269638020192,0.13129689174705253,0.21055316110275177,0.16916971090966493,0.37568877591297345,0.13931502352554986,0.13602796175658582,0.12112123012971501,0
108,108004,2002,0.08667278659916562,0.11795768891214073,0.19158270684979828,0.4589442815249267,0.17364990689013038,0.07185422309775917,0.06379262434996626,0.03254188875570632,0.30830289090335095,0.2550010262563746,0.1399277820330452,0.2610670619755471,0.05804970177070723,0
108,108004,2003,0.11034965416322041,0.27055880718045977,0.30725986022619545,0.292807793627914,0.135707635009311,0.25698103915291803,0.15608749156444757,0.3376603504118742,0.20248350095461448,0.8898747967222951,0.15688806215122003,0.18554583905669875,0.2525039126065271,0
108,108004,2004,0.14620579333412104,0.1819311382140405,0.26775281642011506,0.31020428450718235,0.11920972998137802,0.15449396700320117,0.1844309475606367,0.13993522225905997,0.17440129887701264,0.44479530132466016,0.10055804792646897,0.17036815406166272,0.09710731587413693,0
108,108004,2005,0.07768375703262045,0.07185364418140798,0.15262682157895896,0.3041403648292659,0.4065118715083798,0.15353361241073626,0.16466198245405106,0.31741093060620745,0.10861558351749125,0.43772202661951154,0.2577962577962578,0.35092276516748494,0.1558570864071538,1
108,108004,2006,0.10913172700253583,0.28376876042245697,0.375603518596089,0.37255827824444554,0.55737895716946,0.2287860132972174,0.1368345837799214,0.205886103389355,0.2019573354981284,0.28130476656614617,0.15305832147937412,0.20065552367093256,0.17899358114730385,0
108,108004,2007,0.18007143960808195,0.07991367753327012,0.20600101413170482,0.4798449227098763,0.12104283054003723,0.15525732578182713,0.24955341193283312,0.23582668128841394,0.26359386040078775,0.3764466267742394,0.1236130867709815,0.20111792626038708,0.14259000550720766,0
108,108004,2008,0.1424520327567872,0.14699342772128307,0.4957560792786437,0.39681395695611116,0.12462174115456237,0.32386111795124356,0.28436743281330634,0.43304174848894444,0.2685398156917573,0.5022498697443832,0.2599518546886968,0.2907968284622394,0.3092903791883559,1
108,108004,2009,0.18913318124392173,0.19451983127881503,0.6422540179457219,0.41207316467021227,0.5184473929236499,0.08532381186899778,0.2342900242149974,0.6358929892122108,0.18866789939716475,0.26827920488813806,0.2564503775030091,0.33677868596064137,0.33264778451572347,0
108,108004,2010,0.13560800923443278,0.0802570055259458,0.1944046385502326,0.346886028132611,0.31008496275605213,0.38524993843880817,0.1726807193045135,0.16115375787406594,0.09505554803890622,0.20561441179721177,0.3064339643287012,0.31469216227610874,0.14669085274598082,0
108,108005,2000,0.21705461585304892,0.24734329529477164,0.24557419696201413,0.4788756896466027,0.21269785847299816,0.16530411228761388,0.05783811678774165,0.2158067889112749,0.2876471384115817,0.4492476751345975,0.15879199037093775,0.27254552625494705,0.21682218564579012,0
108,108005,2001,0.2270979704243658,0.13134748062649182,0.3556736259617716,0.598513842636314,0.16890712290502793,0.15259788229500124,0.11430669683617165,0.17571599806176838,0.16667418331604505,0.3776149801853577,0.13875697559908085,0.18237702131131933,0.16089758149578243,0
108,108005,2002,0.11030420911991129,0.15132590000980936,0.23100156529024007,0.513221333068244,0.20248486964618245,0.07089386850529425,0.05819538724147511,0.055698655989390736,0.3045445662141644,0.26418996794922395,0.15741328372907323,0.2633790749228196,0.09628901327641515,0
108,108005,2003,0.1480599511011334,0.3245593957427329,0.29535483586498823,0.4275808936825886,0.16794692737430167,0.22935237626200444,0.15876701996744869,0.23766290071663562,0.1721312707647439,0.7554983658840805,0.18235036656089293,0.22907968284622396,0.263499659299869,0
108,108005,2004,0.17517246393935812,0.26459143968871596,0.3121761943605459,0.3664943585665292,0.11580540037243947,0.10682098005417386,0.26412210710174266,0.07464742036673382,0.15161081796178535,0.4043134344853719,0.13569318306160413,0.18855145588815297,0.13567021471886792,1
108,108005,2005,0.0785290348381702,0.09544518196383613,0.19257479221323223,0.3615239326010239,0.3165735567970205,0.13476976114257572,0.1591044420626414,0.357909770217541,0.12555811121634422,0.47439885059286047,0.2390852390852391,0.3478219478029077,0.1702505001602379,0
108,108005,2006,0.15067758559573907,0.39036392767223627,0.41744747459159154,0.4785526119588449,0.4610393389199255,0.2204383156857917,0.11960620856655152,0.24702251919104334,0.24435123799215264,0.320570914315487,0.19196848670532882,0.2633654748466592,0.26556252858614116,1
108,108005,2007,0.21937231306181434,0.11615930418860151,0.22535770188937143,0.5634971917093294,0.08569017690875233,0.20297956168431422,0.2407804374578222,0.20318278034225087,0.17083840707166378,0.36558409776276113,0.14359339096181203,0.22255164628921922,0.16228838477023746,1
108,108005,2008,0.1847431900602601,0.17432887551907922,0.6426067594082762,0.41637258313037434,0.0950011638733706,0.28746614134449644,0.27410583144773926,0.48363979495549714,0.2091582856026098,0.542921199298988,0.24709486814749973,0.2852479973887854,0.3397355918070175,0
108,108005,2009,0.2231624296737955,0.21245463165811077,0.700059525121806,0.40638202693970876,0.3699080540037244,0.10224082738241813,0.19792783136834582,0.4889699319068629,0.2195462950435214,0.2977880227986801,0.24387788598314913,0.3749812998952794,0.3351555863931523,0
108,108005,2010,0.181680194141225,0.13340744858254586,0.2375272823474944,0.4353347581887768,0.45120460893854747,0.3173848805712879,0.15344765987852804,0.16237790415954703,0.11658323185856675,0.15340164516791135,0.2477513951198162,0.28372478885881763,0.163775641963055,0
108,108006,2000,0.13337211310362376,0.2421933754046366,0.4966158865936197,0.49281773447984495,0.1595088454376164,0.18276286628909133,0.10182207931404072,0.07222463084338576,0.28124295314120784,0.34040134518527876,0.7721085457927563,0.565722368045261,0.428964800542631,0
108,108006,2001,0.20164874617125508,0.06609881306608247,0.4089816794902885,0.24901834087181277,0.22384194599627558,0.032947549864565384,0.17772220237386366,0.18951314682104511,0.17522813030863366,0.3604843930088258,0.2524455629718788,0.3566075970025432,0.17649511352003908,1
108,108006,2002,0.04636303318397062,0.046431023771376256,0.11971163385436186,0.27270242059744526,0.21229050279329606,0.14848559468111303,0.05245921162319874,0.11476371426385452,0.13988484493152337,0.2223818621027204,0.42856986541197073,0.44722490445946494,0.10263008055457888,1
108,108006,2003,0.0746752951655563,0.12063891704541738,0.3039970016975682,0.09615289030269895,0.04448905959031659,0.26173356316178287,0.20582747806756377,0.27678457575680293,0.12724184067709982,0.7458989216413786,0.343593390961812,0.36026601748969794,0.22701518682501698,1
108,108006,2004,0.06763131345264171,0.06721054180427034,0.1018100046297317,0.12535414285004226,0.09089851024208565,0.16136419601083477,0.1606526140288198,0.16763153196807015,0.2685849155880275,0.570866949808169,0.2107451581135792,0.22634606753797823,0.08777928854345245,1
108,108006,2005,0.05850594875616916,0.03796226661870974,0.17692188981238563,0.08506884039962226,0.415473696461825,0.2928096527948781,0.11049581199634786,0.09785519369564664,0.10568409025992576,0.42389124840140835,0.3522704891125944,0.7352065171564962,0.21358008942211656,1
108,108006,2006,0.10196958817701753,0.17197462642644606,0.23422033113604795,0.11275411302748645,0.5897346368715084,0.27722235902487075,0.15348735659560955,0.1004820075999082,0.17682165997684873,0.22784470372767893,0.22838384943648105,0.23423411171102557,0.11548334303058207,1
108,108006,2007,0.13360842732883124,0.04008763038289247,0.20838201900394626,0.2633828719121229,0.15331121973929235,0.10224082738241813,0.21789528006033898,0.2852005814694856,0.2693816804221351,0.430696117593192,0.14858299595141702,0.2581158454487345,0.12218844606514684,1
108,108006,2008,0.09366223426010925,0.15341856586992772,0.17509204347538526,0.19101346985436657,0.26428654562383613,0.2957153410490027,0.1433646937398277,0.2000714085333197,0.10395526090289994,0.23090768429196204,0.7806981070138964,0.8119381468536224,0.3634010273898014,1
108,108006,2009,0.23457822455304803,0.07943955792433706,0.5244824621354087,0.3223072717331875,0.3602770018621974,0.04917508002954939,0.1827041403675916,0.3436535666012088,0.08765916505058706,0.22288709601023102,0.5548637706532443,0.3690108664608522,0.2956001456143026,1
108,108006,2010,0.07617498159475745,0.04476343066409444,0.1019202363367799,0.1523187037129082,0.1535439944134078,0.27852745629155384,0.26878647135881856,0.14041978016372958,0.0865617342413446,0.3585424001768319,0.5804245541087646,0.644358008404847,0.24619707091229848,1
109,109001,2000,0.058187833453005273,0.1506555929764902,0.462510196432902,0.4766389979621254,0.5233647579143389,0.41132725929574,0.07197014806875472,0.3354415852694397,0.30570213021843384,0.382983090452658,0.377601488127804,0.220280433570428,0.2964308938789098,0
109,109001,2001,0.16612890032084202,0.02532452669783867,0.36841641129654534,0.3877677816988916,0.23661545623836128,0.23405565131740952,0.19379937279187007,0.3012675014664252,0.1907725612231092,0.47934066975069867,0.11424663529926689,0.17032735383318148,0.1558788663242033,0
109,109001,2002,0.0049535097206947635,0.010152699211980514,0.04473202672016578,0.3976340772404195,0.18790735567970204,0.10625461708938684,0.12218649517684886,0.22794623957562926,0.22459748342578814,0.27263684734041715,0.2150782361308677,0.19486189122659087,0.012392772801239564,0
109,109001,2003,0.021540950528525855,0.04808226792662591,0.37141471372825685,0.08342859983100552,0.18470670391061453,0.2166461462693918,0.22198404191973323,0.5733850195098313,0.27948405718666847,0.8546189431138197,0.14380129116971224,0.12633110745420173,0.19355812282006368,0
109,109001,2004,0.02386773674595312,0.08390282182912076,0.12420908750192905,0.2782692976788111,0.31453677839851024,0.36828367397192807,0.15912429042118212,0.25666267118920705,0.23940528270118314,0.3967980801111514,0.05945945945945945,0.05032028179357806,0.035336359704664304,0
109,109001,2005,0.02464030248220827,0.05480168721184973,0.19343459952820827,0.12706893980814157,0.6230796089385474,0.21947796109332673,0.15954110595053786,0.2291958889087246,0.08502833776815648,0.37393624579629603,0.2614946930736405,0.5860136816766174,0.1753563350000156,1
109,109001,2006,0.03989165901675104,0.1811463885164961,0.33137855772834496,0.2621651175505741,0.5086708566108007,0.3553311992120168,0.2056289944821563,0.07610109408074266,0.19612441558051086,0.26340053996873863,0.09218732902943427,0.07777883556147916,0.07127322283655414,1
109,109001,2007,0.10337838451960044,0.033286466337507765,0.2100354946096695,0.40389681395695615,0.21776070763500927,0.33760157596651075,0.34361478305744114,0.31106067175027413,0.2654279228491109,0.4480477446042598,0.12212495896706423,0.16170490554747108,0.16088202441217564,0
109,109001,2008,0.0527253392472483,0.09779943105646928,0.15527238254811615,0.34705999304140367,0.3423824487895717,0.4380940655011081,0.2311936802826406,0.2574022595700186,0.23097160209864856,0.46809921530858745,0.30861144545355074,0.2552870296073658,0.21408725034770085,0
109,109001,2009,0.0749661434427347,0.05321583886472878,0.4735333671377235,0.38374173666683237,0.5005528398510242,0.0,0.2071374697312532,0.5389814082782892,0.18680377035132822,0.2629426717400572,0.4179888390414706,0.0634851555168709,0.19251890963512414,1
109,109001,2010,0.06612253801477873,0.036621652552071414,0.12478229237857978,0.28306575873552364,0.15776303538175046,0.5218665353361241,0.21442181731570797,0.19420570758205608,0.16196876080518352,0.376572935251117,0.4261188313819893,0.3413347114743843,0.19600369636306492,1
102,102001,2000,0.058187833453005273,0.1506555929764902,0.462510196432902,0.4766389979621254,0.5233647579143389,0.41132725929574,0.07197014806875472,0.3354415852694397,0.30570213021843384,0.382983090452658,0.377601488127804,0.220280433570428,0.2964308938789098,0
102,102001,2001,0.16612890032084202,0.02532452669783867,0.36841641129654534,0.3877677816988916,0.23661545623836128,0.23405565131740952,0.19379937279187007,0.3012675014664252,0.1907725612231092,0.47934066975069867,0.11424663529926689,0.17032735383318148,0.1558788663242033,0
102,102001,2002,0.0049535097206947635,0.010152699211980514,0.04473202672016578,0.3976340772404195,0.18790735567970204,0.10625461708938684,0.12218649517684886,0.22794623957562926,0.22459748342578814,0.27263684734041715,0.2150782361308677,0.19486189122659087,0.012392772801239564,1
102,102001,2003,0.021540950528525855,0.04808226792662591,0.37141471372825685,0.08342859983100552,0.18470670391061453,0.2166461462693918,0.22198404191973323,0.5733850195098313,0.27948405718666847,0.8546189431138197,0.14380129116971224,0.12633110745420173,0.19355812282006368,1
102,102001,2004,0.02386773674595312,0.08390282182912076,0.12420908750192905,0.2782692976788111,0.31453677839851024,0.36828367397192807,0.15912429042118212,0.25666267118920705,0.23940528270118314,0.3967980801111514,0.05945945945945945,0.05032028179357806,0.035336359704664304,0
102,102001,2005,0.02464030248220827,0.05480168721184973,0.19343459952820827,0.12706893980814157,0.6230796089385474,0.21947796109332673,0.15954110595053786,0.2291958889087246,0.08502833776815648,0.37393624579629603,0.2614946930736405,0.5860136816766174,0.1753563350000156,1
102,102001,2006,0.03989165901675104,0.1811463885164961,0.33137855772834496,0.2621651175505741,0.5086708566108007,0.3553311992120168,0.2056289944821563,0.07610109408074266,0.19612441558051086,0.26340053996873863,0.09218732902943427,0.07777883556147916,0.07127322283655414,1
102,102001,2007,0.10337838451960044,0.033286466337507765,0.2100354946096695,0.40389681395695615,0.21776070763500927,0.33760157596651075,0.34361478305744114,0.31106067175027413,0.2654279228491109,0.4480477446042598,0.12212495896706423,0.16170490554747108,0.16088202441217564,1
102,102001,2008,0.0527253392472483,0.09779943105646928,0.15527238254811615,0.34705999304140367,0.3423824487895717,0.4380940655011081,0.2311936802826406,0.2574022595700186,0.23097160209864856,0.46809921530858745,0.30861144545355074,0.2552870296073658,0.21408725034770085,1
102,102001,2009,0.0749661434427347,0.05321583886472878,0.4735333671377235,0.38374173666683237,0.5005528398510242,0.0,0.2071374697312532,0.5389814082782892,0.18680377035132822,0.2629426717400572,0.4179888390414706,0.0634851555168709,0.19251890963512414,1
102,102001,2010,0.06612253801477873,0.036621652552071414,0.12478229237857978,0.28306575873552364,0.15776303538175046,0.5218665353361241,0.21442181731570797,0.19420570758205608,0.16196876080518352,0.376572935251117,0.4261188313819893,0.3413347114743843,0.19600369636306492,1
102,102002,2000,0.07990147514610581,0.2048196710590851,0.4825723671156771,0.4285998310055172,0.5807437150837989,0.37830583600098494,0.07613830336231193,0.2958098492769886,0.31488747575880577,0.4787407044855298,0.23812233285917497,0.1459016170490555,0.27286502363120996,0
102,102002,2001,0.13709860665497214,0.032894091488735566,0.3698935161709915,0.46590287787663404,0.3474452979515829,0.232455060329968,0.22307570163947438,0.36140368774068504,0.2091883522001233,0.442221766108278,0.11220045956888063,0.10254457424961581,0.16136118258726748,0
102,102002,2002,0.011961135398962033,0.026697838668541345,0.07431821689190679,0.4264376957105224,0.17798533519553073,0.12038906673233195,0.13764836648009207,0.18283134834612735,0.28399404681369234,0.24784880875317747,0.16644052959842434,0.20672115763848278,0.019667265095816087,0
102,102002,2003,0.029966461558037862,0.08285648889906157,0.40582905266870956,0.11327600775386452,0.1629713687150838,0.23932528933760155,0.2493152316303441,0.623830047690699,0.29136036320449804,0.9310829373036297,0.12595469963891018,0.101306967319017,0.22936119503293428,1
102,102002,2004,0.04566317951701008,0.08145047902429454,0.16944818007451662,0.2745663303345097,0.26879655493482313,0.35836000984979066,0.17329601841927672,0.29226492565861617,0.22978397149686558,0.40743956928809383,0.05381332749753802,0.06642277196752301,0.05085921772760792,0
102,102002,2005,0.04306372303972806,0.07551580943661512,0.18027293370665137,0.1737163874944083,0.6607309124767224,0.21546417138635804,0.19022666825453532,0.20494249062763004,0.09610787895187843,0.3475535626884759,0.23885545464492836,0.408641488392335,0.14503246763348757,0
102,102002,2006,0.04379993274133591,0.17877579047183076,0.35880420644194094,0.25140414533525524,0.6396066108007449,0.37355331199212016,0.22940732801397323,0.11986432378669251,0.17682165997684873,0.25219066264584683,0.10356712988291936,0.08691808674128576,0.09917951941057321,0
102,102002,2007,0.10474173581887423,0.045548180361638824,0.22837805066249256,0.4506685222923605,0.22878840782122908,0.2865796601822211,0.33212258346234763,0.31577873555889924,0.31984846434853204,0.45035287430727694,0.11029653134916292,0.14830883052945096,0.1709194547553337,1
102,102002,2008,0.059878389064104774,0.10468233986201485,0.22731982627482966,0.3980068591878324,0.30164688081936686,0.4337109086431913,0.26136318526457863,0.28331335594603557,0.2961108856116298,0.4700569967001911,0.26402232191705877,0.20352513974078257,0.2267133794030436,1
102,102002,2009,0.07759286694600219,0.10041526338161726,0.5094468572940319,0.4083701973259109,0.5788524208566108,0.034375769514897805,0.23115398356555913,0.6593047869220371,0.20036380582991328,0.27647346732557593,0.33823175402122774,0.12271348719552828,0.2380482705190154,1
102,102002,2010,0.06173254683111712,0.048262106398979834,0.16038713375515332,0.3117202644266614,0.17286429236499068,0.5483378478207338,0.23194791790718902,0.20688072224630843,0.1588719012612938,0.35036392629900376,0.3711456395666922,0.3030232969304628,0.18437010924184105,0
102,102003,2000,0.07990147514610581,0.2048196710590851,0.4825723671156771,0.4285998310055172,0.5807437150837989,0.37830583600098494,0.07613830336231193,0.2958098492769886,0.31488747575880577,0.4787407044855298,0.23812233285917497,0.1459016170490555,0.27286502363120996,0
102,102003,2001,0.13709860665497214,0.032894091488735566,0.3698935161709915,0.46590287787663404,0.3474452979515829,0.232455060329968,0.22307570163947438,0.36140368774068504,0.2091883522001233,0.442221766108278,0.11220045956888063,0.10254457424961581,0.16136118258726748,0
102,102003,2002,0.011961135398962033,0.026697838668541345,0.07431821689190679,0.4264376957105224,0.17798533519553073,0.12038906673233195,0.13764836648009207,0.18283134834612735,0.28399404681369234,0.24784880875317747,0.16644052959842434,0.20672115763848278,0.019667265095816087,1
102,102003,2003,0.029966461558037862,0.08285648889906157,0.40582905266870956,0.11327600775386452,0.1629713687150838,0.23932528933760155,0.2493152316303441,0.623830047690699,0.29136036320449804,0.9310829373036297,0.12595469963891018,0.101306967319017,0.22936119503293428,1
102,102003,2004,0.04566317951701008,0.08145047902429454,0.16944818007451662,0.2745663303345097,0.26879655493482313,0.35836000984979066,0.17329601841927672,0.29226492565861617,0.22978397149686558,0.40743956928809383,0.05381332749753802,0.06642277196752301,0.05085921772760792,0
102,102003,2005,0.04306372303972806,0.07551580943661512,0.18027293370665137,0.1737163874944083,0.6607309124767224,0.21546417138635804,0.19022666825453532,0.20494249062763004,0.09610787895187843,0.3475535626884759,0.23885545464492836,0.408641488392335,0.14503246763348757,0
102,102003,2006,0.04379993274133591,0.17877579047183076,0.35880420644194094,0.25140414533525524,0.6396066108007449,0.37355331199212016,0.22940732801397323,0.11986432378669251,0.17682165997684873,0.25219066264584683,0.10356712988291936,0.08691808674128576,0.09917951941057321,0
102,102003,2007,0.10474173581887423,0.045548180361638824,0.22837805066249256,0.4506685222923605,0.22878840782122908,0.2865796601822211,0.33212258346234763,0.31577873555889924,0.31984846434853204,0.45035287430727694,0.11029653134916292,0.14830883052945096,0.1709194547553337,1
102,102003,2008,0.059878389064104774,0.10468233986201485,0.22731982627482966,0.3980068591878324,0.30164688081936686,0.4337109086431913,0.26136318526457863,0.28331335594603557,0.2961108856116298,0.4700569967001911,0.26402232191705877,0.20352513974078257,0.2267133794030436,1
102,102003,2009,0.07759286694600219,0.10041526338161726,0.5094468572940319,0.4083701973259109,0.5788524208566108,0.034375769514897805,0.23115398356555913,0.6593047869220371,0.20036380582991328,0.27647346732557593,0.33823175402122774,0.12271348719552828,0.2380482705190154,0
102,102003,2010,0.06173254683111712,0.048262106398979834,0.16038713375515332,0.3117202644266614,0.17286429236499068,0.5483378478207338,0.23194791790718902,0.20688072224630843,0.1588719012612938,0.35036392629900376,0.3711456395666922,0.3030232969304628,0.18437010924184105,1
102,102004,2000,0.10571425974568953,0.2280678808488376,0.47291606957825344,0.4152542372881356,0.45804236499068907,0.305269638020192,0.07000516057322058,0.23442401366963347,0.31318871299929346,0.488908536874181,0.4247291826239195,0.2953392538998218,0.34120106908278547,0
102,102004,2001,0.1525499213800751,0.042801556420233464,0.3637646332591106,0.4135394403300363,0.31261638733705777,0.13417877370105885,0.20830852288515736,0.29838565708602177,0.20141613674288553,0.4302856150433396,0.1682350366560893,0.19937711651185247,0.16908994172316474,0
102,102004,2002,0.026494460249220617,0.042589020043815186,0.09687162415397163,0.40059148068989514,0.1401594506517691,0.1316178281211524,0.0953316660712159,0.1243528601667899,0.25851260542100757,0.254495792348864,0.26609038187985556,0.3139849583157666,0.06012812814058625,1
102,102004,2003,0.04683566163438554,0.1159631167642154,0.39537908684053874,0.1133754162731746,0.08778514897579144,0.2626200443240581,0.2090032154340836,0.5176353574252124,0.2387438175558863,0.9673334701675166,0.21634752161067955,0.2045179453004937,0.26117231959227993,1
102,102004,2004,0.0646410296029012,0.07840957394631004,0.16091624594898474,0.23375913315771163,0.19785847299813783,0.2694656488549618,0.1273272200389028,0.2659712835683864,0.24950765946571657,0.4987448095110283,0.11896268738374,0.14010798460471377,0.07869084030031397,0
102,102004,2005,0.05946938367432263,0.065493901840892,0.154478714257369,0.15701575625031064,0.6004713687150838,0.22459985225313964,0.1635107776586876,0.16176583101680653,0.09852824005171454,0.38033061243822724,0.2892767261188314,0.5163404915067524,0.17421133364654923,1
102,102004,2006,0.07011261281732001,0.17172939214596344,0.30858264071077407,0.14873999701774443,0.6368133147113594,0.30448165476483624,0.16734151085705212,0.09540690112468439,0.1717253716983118,0.2524590681592118,0.15012583433636065,0.15223925253981424,0.09234684829043206,1
102,102004,2007,0.12199267425901857,0.043046790700716084,0.21537070923080312,0.40173467866196133,0.20239757914338916,0.18739226791430685,0.2811916954467865,0.2685470913774196,0.31003172026037673,0.4485371899521607,0.12324105482000221,0.19894191407471884,0.15216072334215935,1
102,102004,2008,0.0787835270807013,0.11545629925121799,0.2187658458078882,0.31109896118097324,0.2609404096834264,0.37439054420093576,0.2201579929339843,0.24842518680982376,0.2370751213938875,0.37854650520233035,0.4422584527847686,0.43478083477267476,0.2739229053164778,1
102,102004,2009,0.13883460730938077,0.10857339044567244,0.48942877929407613,0.389532282916646,0.5553421787709497,0.03912829352376264,0.21507681314755264,0.5813929764606871,0.14379350260827736,0.23564425217487409,0.41088740562424775,0.2355805192509078,0.2681792300488181,1
102,102004,2010,0.0660407369368223,0.04396233201451787,0.13382129235653342,0.24571300760475173,0.1387918994413408,0.4313962078305836,0.23093565162161087,0.1970875519624595,0.10926201536403135,0.361715900658383,0.45503884451252874,0.43580084048470674,0.19944492325690663,1
102,102005,2000,0.0445906764949147,0.14359284569859074,0.4878414427125819,0.5300710770913067,0.575098929236499,0.4482639743905442,0.10255646858004842,0.36454056259723033,0.3146619762774546,0.3568214471793738,0.24330889594047492,0.12265908689088659,0.25542242149117755,0
102,102005,2001,0.16272052207265753,0.025340875649870847,0.4141625697215547,0.423728813559322,0.2635591247672253,0.32334400393991625,0.20288992100353298,0.3390120119354263,0.20213773508320934,0.46770450131834473,0.07984462194988509,0.09431652817255776,0.1587600382081973,0
102,102005,2002,0.0,0.0026975770853088325,0.04587843647346723,0.4163228788707192,0.2575069832402235,0.11179512435360747,0.16144654837044975,0.3028996965137334,0.24507283633247648,0.2560430711906153,0.14531130320604008,0.1233798909273892,0.0,0
102,102005,2003,0.01603301127945975,0.025308177745806494,0.3708856015344254,0.07972563248670411,0.2682728119180633,0.2074365919724206,0.27940534317811916,0.6371171354976919,0.3107833851982141,0.7490408450037104,0.08223000328263486,0.05483550707883964,0.1631595814522226,1
102,102005,2004,0.012588276996627977,0.08813720040545402,0.12912542163627946,0.3078433321735673,0.3496566573556797,0.4583600098497907,0.251776428089397,0.2542653847134732,0.23376779566740333,0.3321439285094021,0.015701936754568328,0.003740020944117287,0.02903574084387842,0
102,102005,2005,0.010316024831171663,0.04824575744694766,0.21667144337397207,0.1404890899150057,0.6603817504655493,0.25148978084215706,0.1779008376007304,0.2531687536660631,0.08253281017453662,0.34682728894642945,0.2275413064886749,0.4916155530470971,0.15088815390311663,1
102,102005,2006,0.022168092126191797,0.18660693849524246,0.3456425406203841,0.3635618072468811,0.5365165270018621,0.4449642945087417,0.28911119050454526,0.1396036826400755,0.19740224597483427,0.25236433680155357,0.0683991683991684,0.030137768771505126,0.09651925811379695,0
102,102005,2007,0.08441871245103295,0.03457803354804957,0.23047245309640865,0.4332968835429196,0.2385649441340782,0.412065993597636,0.3629272359175896,0.3782612022136645,0.27846179287120976,0.4277278683865671,0.10922420396104608,0.11188782657182879,0.16769291561526709,1
102,102005,2008,0.03705588831426156,0.0922898342216264,0.16563416301064837,0.4063074705502262,0.3855912476722532,0.46850529426249693,0.23397245047834542,0.26847058223457704,0.24504276973496297,0.5165700933103873,0.19771309771309772,0.10923581172054563,0.1743140103983546,0
102,102005,2009,0.04349999545549567,0.038174802995128015,0.5213298353138297,0.4063323226800537,0.4678189013035381,0.010859394237872454,0.22740264380135758,0.5263063936140369,0.23003953757573029,0.295530258774492,0.35951417004048586,0.0,0.1721764671107695,1
102,102005,2010,0.0668314806904011,0.043308373933230886,0.13218986309221986,0.3210646652418112,0.20975907821229048,0.5849544447180497,0.23260291373903375,0.1712274616816709,0.20546009410845026,0.3499218466299319,0.36159317211948794,0.25423982374301296,0.1823725797067178,0
106,107001,2000,0.1125401052507203,0.23486904489422228,0.4216583258008333,0.3839157015756251,0.5231610800744879,0.3201428219650333,0.07357786511055533,0.2651551860447323,0.3061380958823795,0.5269431769739646,0.15150454097822516,0.12684791034829793,0.23662635307734675,0
106,107001,2001,0.13176335857048072,0.052431089167184385,0.35371150157631337,0.5005964511158606,0.3827979515828678,0.2246983501600591,0.2132507641618038,0.3890234883068526,0.21544220448292972,0.4434216966386157,0.11907210854579277,0.08932530022168125,0.17039984816286394,1
106,107001,2002,0.03384746825663725,0.057106889448386364,0.1138473070393968,0.4151051245091704,0.19331936685288645,0.11021915784289582,0.13367869477194233,0.11856366835836885,0.31613523955561573,0.23496534411165668,0.13009081956450377,0.20900597043343444,0.023295176992940158,1
106,107001,2003,0.05407960153786026,0.1425628617205637,0.37368548689345,0.19096376559471148,0.17079841713221602,0.24703275055405077,0.23984756460640702,0.57830710769937,0.28955636735368845,0.9424191231033993,0.11286792865740233,0.11017421697561505,0.24910313413006346,1
106,107001,2004,0.07811094043972623,0.10290030409050781,0.22837805066249256,0.26795566380038777,0.20754771880819367,0.31494705737503076,0.18276368544321386,0.2869857948024789,0.21132308062358124,0.40251353868986534,0.05325527957106905,0.0854492785159597,0.06174295341898028,1
106,107001,2005,0.06125082937204039,0.0797992348690449,0.1569038118124297,0.22021472240170986,0.5758263500931098,0.1973159320364442,0.1991385812393315,0.26138073499783226,0.11477923600775719,0.369199677913384,0.2341941131414816,0.33008744848971155,0.14034667405109572,1
106,107001,2006,0.059932923116075724,0.19448713337475068,0.3870235234462841,0.3035190615835777,0.6730388733705773,0.36183206106870225,0.21233773966892933,0.1630664864451302,0.19135885987462228,0.25313797622242923,0.11527519422256266,0.1331855458390567,0.14000130679502298,0
106,107001,2007,0.13092716977359278,0.06204427296210314,0.22394673603915427,0.4777821959341916,0.23961243016759778,0.22009357301157348,0.3159858679687189,0.2788503226135523,0.34489394007727114,0.45328954639468244,0.12407265565160303,0.16635613159433693,0.18532531417530346,1
106,107001,2008,0.0863364932786781,0.11962528201942256,0.34813377719967376,0.43225309409016355,0.21819716014897578,0.3977837970943118,0.30675638124727084,0.3372523016500472,0.3472992678783506,0.48366673508375835,0.2364700733121786,0.20125392702199132,0.2651113731615416,1
106,107001,2009,0.10061532588640555,0.15652486675604094,0.5529222425538481,0.41590039266365125,0.6396648044692737,0.06921940408766315,0.2571751816124806,0.7529264747137283,0.21463040635006542,0.29200940998152736,0.26850858956122114,0.1966707013559276,0.29320746615556464,1
106,107001,2010,0.08118302536742317,0.06173364287349182,0.19828479463832974,0.3302102490183409,0.19972067039106145,0.5429204629401625,0.22760112738676508,0.24151386090637827,0.13815601557449753,0.31583434643257496,0.33891016522595474,0.2783935590039304,0.18109689885095379,1
106,107002,2000,0.1125401052507203,0.23486904489422228,0.4216583258008333,0.3839157015756251,0.5231610800744879,0.3201428219650333,0.07357786511055533,0.2651551860447323,0.3061380958823795,0.5269431769739646,0.15150454097822516,0.12684791034829793,0.23662635307734675,0
106,107002,2001,0.13176335857048072,0.052431089167184385,0.35371150157631337,0.5005964511158606,0.3827979515828678,0.2246983501600591,0.2132507641618038,0.3890234883068526,0.21544220448292972,0.4434216966386157,0.11907210854579277,0.08932530022168125,0.17039984816286394,1
106,107002,2002,0.03384746825663725,0.057106889448386364,0.1138473070393968,0.4151051245091704,0.19331936685288645,0.11021915784289582,0.13367869477194233,0.11856366835836885,0.31613523955561573,0.23496534411165668,0.13009081956450377,0.20900597043343444,0.023295176992940158,1
106,107002,2003,0.05407960153786026,0.1425628617205637,0.37368548689345,0.19096376559471148,0.17079841713221602,0.24703275055405077,0.23984756460640702,0.57830710769937,0.28955636735368845,0.9424191231033993,0.11286792865740233,0.11017421697561505,0.24910313413006346,1
106,107002,2004,0.07811094043972623,0.10290030409050781,0.22837805066249256,0.26795566380038777,0.20754771880819367,0.31494705737503076,0.18276368544321386,0.2869857948024789,0.21132308062358124,0.40251353868986534,0.05325527957106905,0.0854492785159597,0.06174295341898028,1
106,107002,2005,0.06125082937204039,0.0797992348690449,0.1569038118124297,0.22021472240170986,0.5758263500931098,0.1973159320364442,0.1991385812393315,0.26138073499783226,0.11477923600775719,0.369199677913384,0.2341941131414816,0.33008744848971155,0.14034667405109572,1
106,107002,2006,0.059932923116075724,0.19448713337475068,0.3870235234462841,0.3035190615835777,0.6730388733705773,0.36183206106870225,0.21233773966892933,0.1630664864451302,0.19135885987462228,0.25313797622242923,0.11527519422256266,0.1331855458390567,0.14000130679502298,0
106,107002,2007,0.13092716977359278,0.06204427296210314,0.22394673603915427,0.4777821959341916,0.23961243016759778,0.22009357301157348,0.3159858679687189,0.2788503226135523,0.34489394007727114,0.45328954639468244,0.12407265565160303,0.16635613159433693,0.18532531417530346,1
106,107002,2008,0.0863364932786781,0.11962528201942256,0.34813377719967376,0.43225309409016355,0.21819716014897578,0.3977837970943118,0.30675638124727084,0.3372523016500472,0.3472992678783506,0.48366673508375835,0.2364700733121786,0.20125392702199132,0.2651113731615416,1
106,107002,2009,0.10061532588640555,0.15652486675604094,0.5529222425538481,0.41590039266365125,0.6396648044692737,0.06921940408766315,0.2571751816124806,0.7529264747137283,0.21463040635006542,0.29200940998152736,0.26850858956122114,0.1966707013559276,0.29320746615556464,1
106,107002,2010,0.08118302536742317,0.06173364287349182,0.19828479463832974,0.3302102490183409,0.19972067039106145,0.5429204629401625,0.22760112738676508,0.24151386090637827,0.13815601557449753,0.31583434643257496,0.33891016522595474,0.2783935590039304,0.18109689885095379,1
106,107003,2000,0.1125401052507203,0.23486904489422228,0.4216583258008333,0.3839157015756251,0.5231610800744879,0.3201428219650333,0.07357786511055533,0.2651551860447323,0.3061380958823795,0.5269431769739646,0.15150454097822516,0.12684791034829793,0.23662635307734675,0
106,107003,2001,0.13176335857048072,0.052431089167184385,0.35371150157631337,0.5005964511158606,0.3827979515828678,0.2246983501600591,0.2132507641618038,0.3890234883068526,0.21544220448292972,0.4434216966386157,0.11907210854579277,0.08932530022168125,0.17039984816286394,1
106,107003,2002,0.03384746825663725,0.057106889448386364,0.1138473070393968,0.4151051245091704,0.19331936685288645,0.11021915784289582,0.13367869477194233,0.11856366835836885,0.31613523955561573,0.23496534411165668,0.13009081956450377,0.20900597043343444,0.023295176992940158,1
106,107003,2003,0.05407960153786026,0.1425628617205637,0.37368548689345,0.19096376559471148,0.17079841713221602,0.24703275055405077,0.23984756460640702,0.57830710769937,0.28955636735368845,0.9424191231033993,0.11286792865740233,0.11017421697561505,0.24910313413006346,1
106,107003,2004,0.07811094043972623,0.10290030409050781,0.22837805066249256,0.26795566380038777,0.20754771880819367,0.31494705737503076,0.18276368544321386,0.2869857948024789,0.21132308062358124,0.40251353868986534,0.05325527957106905,0.0854492785159597,0.06174295341898028,1
106,107003,2005,0.06125082937204039,0.0797992348690449,0.1569038118124297,0.22021472240170986,0.5758263500931098,0.1973159320364442,0.1991385812393315,0.26138073499783226,0.11477923600775719,0.369199677913384,0.2341941131414816,0.33008744848971155,0.14034667405109572,1
106,107003,2006,0.059932923116075724,0.19448713337475068,0.3870235234462841,0.3035190615835777,0.6730388733705773,0.36183206106870225,0.21233773966892933,0.1630664864451302,0.19135885987462228,0.25313797622242923,0.11527519422256266,0.1331855458390567,0.14000130679502298,0
106,107003,2007,0.13092716977359278,0.06204427296210314,0.22394673603915427,0.4777821959341916,0.23961243016759778,0.22009357301157348,0.3159858679687189,0.2788503226135523,0.34489394007727114,0.45328954639468244,0.12407265565160303,0.16635613159433693,0.18532531417530346,1
106,107003,2008,0.0863364932786781,0.11962528201942256,0.34813377719967376,0.43225309409016355,0.21819716014897578,0.3977837970943118,0.30675638124727084,0.3372523016500472,0.3472992678783506,0.48366673508375835,0.2364700733121786,0.20125392702199132,0.2651113731615416,1
106,107003,2009,0.10061532588640555,0.15652486675604094,0.5529222425538481,0.41590039266365125,0.6396648044692737,0.06921940408766315,0.2571751816124806,0.7529264747137283,0.21463040635006542,0.29200940998152736,0.26850858956122114,0.1966707013559276,0.29320746615556464,1
106,107003,2010,0.08118302536742317,0.06173364287349182,0.19828479463832974,0.3302102490183409,0.19972067039106145,0.5429204629401625,0.22760112738676508,0.24151386090637827,0.13815601557449753,0.31583434643257496,0.33891016522595474,0.2783935590039304,0.18109689885095379,1
109,109001,2000,0.25275624187669854,0.21717947879540922,0.2724266407989594,0.5914558377652964,0.2332111266294227,0.13373553311992117,0.08800762176967965,0.28094157251791585,0.2702235451525129,0.3709522080300614,0.1884341831710253,0.3154265663887718,0.2512749030015837,0
109,109001,2001,0.28338620106704965,0.16397998888271262,0.4188143477589894,0.8359262388786718,0.10189711359404095,0.2004678650578675,0.14423802151562062,0.08722042284052944,0.14997218839730006,0.32251290714748093,0.13258562205930627,0.17157856083994072,0.19924268117001717,1
109,109001,2002,0.10827736018832425,0.17697740574829154,0.25494389206111245,0.7598787216064417,0.14219622905027934,0.11652302388574243,0.04858878170775277,0.19295605824896073,0.32422315428674514,0.3113661840630279,0.23325309114782802,0.3010104856587197,0.1928424969741472,1
109,109001,2003,0.17422720703852831,0.3459274760487853,0.41663175995943474,0.5618072468810578,0.11213919925512106,0.20778133464663873,0.18963121749831285,0.17535895539516969,0.10341406214765705,0.5345848398250628,0.28485611117190063,0.2738239334140271,0.28061556268415694,1
109,109001,2004,0.20100342655626552,0.3751430533302816,0.3533808064551688,0.5206272677568468,0.10570879888268156,0.014848559468111304,0.402306379262435,0.02389635561449594,0.135284655511959,0.40380820057786126,0.23470839260312945,0.20432754423424773,0.22171955556523548,1
109,109001,2005,0.06316861019968552,0.19546807049668116,0.3023214797504354,0.44211938963169145,0.3139839385474861,0.10689485348436346,0.18353777142630304,0.26382902756879445,0.13776514980682214,0.44102183557794017,0.17248057774373562,0.3029008962450189,0.1648864177325862,1
109,109001,2006,0.21387346282141007,0.5589870189320866,0.42437002579421945,0.47644018092350515,0.3716247672253259,0.18337847820733807,0.11922908975427729,0.2757644538522353,0.2730197387212676,0.4062712158769755,0.2835868256920889,0.28974962259788656,0.3641135418189964,1
109,109001,2007,0.2719522281704735,0.17692835889219502,0.36107497960713425,0.8523286445648391,0.02304469273743017,0.30462940162521546,0.18510579175102215,0.1737012573002474,0.1092169154677611,0.3778360200198936,0.1275522486048802,0.23377170912157108,0.228654903437182,1
109,109001,2008,0.24067694936513276,0.24289638034202013,0.8157146321567935,0.5040508971618868,0.07669925512104282,0.312262989411475,0.17254178079472826,0.43406187039351196,0.15246771599091993,0.5173121556120436,0.29596235912025387,0.24499177195392294,0.37445900241757074,1
109,109001,2009,0.2502931205293439,0.2787986790046758,0.6993319958552878,0.4423182066703117,0.15310754189944134,0.14331445456784042,0.13228930967408994,0.3083063426079416,0.18707436972894964,0.2907463252127508,0.24719334719334723,0.44929211603584984,0.3209799718105644,1
109,109001,2010,0.169300964343819,0.24641140502893766,0.29870587975925394,0.6090262935533576,0.6403340316573557,0.280177296232455,0.21573180897939737,0.165591288158935,0.17736285873209162,0.10722010830951892,0.1981398402451034,0.2866896054617906,0.22716142341092171,1
109,109002,2000,0.2635539841669469,0.2198443579766537,0.3188341894662581,0.5959789253939063,0.26475209497206703,0.15961585816301402,0.14691754991862174,0.3659942363112392,0.2622709301101941,0.3814358116109068,0.24851734325418537,0.3483251506208435,0.3138797188523851,0
109,109002,2001,0.29815584014251567,0.1984926266226335,0.44410150135584997,0.9440578557582385,0.1496159217877095,0.26518098990396455,0.19880115914413876,0.167478513682385,0.1574738044769164,0.3379383298861645,0.1390852390852391,0.19664350120360674,0.271772916362007,0
109,109002,2002,0.09653436099724602,0.17159860052970605,0.28779294076148065,0.8352800835031562,0.15168179702048415,0.1402610194533366,0.13941487039021874,0.29392262375353856,0.3183902343691276,0.28975164595733927,0.27411095305832145,0.3096873342490718,0.2405778523134939,0
109,109002,2003,0.17939885296710686,0.3315077003564072,0.49743160122577657,0.6729708235995824,0.12377793296089387,0.17114011327259296,0.22938747965543246,0.1979291525337278,0.10344412874517056,0.45464736252111726,0.30465039938724153,0.28974962259788656,0.304091201846937,0
109,109002,2004,0.18274360815465857,0.38491972664552204,0.39764986000573205,0.5678960186888017,0.1491503724394786,0.029475498645653794,0.4519272756143067,0.08331845655555839,0.1302034005321788,0.39387719658335574,0.266823503665609,0.18704184743434565,0.2531884242852297,0
109,109002,2005,0.05564291102769421,0.23362652453977703,0.355651579620362,0.45417267259804167,0.3596659683426443,0.10342280226545188,0.2252788694374975,0.2668128841396547,0.14418436837595275,0.4231965517785813,0.14933800196958094,0.26956710957581365,0.17357660463538857,0
109,109002,2006,0.2314243385473946,0.573341398816336,0.429396591635618,0.4603360007952682,0.37223580074487894,0.23085446934252646,0.14816799650668888,0.3021346050853077,0.2769133630992649,0.4190125834820089,0.33187438450596346,0.3508819649390037,0.41640089982171585,0
109,109002,2007,0.2889759413940721,0.2124219337540464,0.4261998721312198,0.993439037725533,0.07859054934823093,0.35291800049248956,0.18943273391290538,0.16877916911070875,0.10822471774981586,0.4294961870628543,0.13293576977787505,0.24420296753661822,0.29410977700476365,0
109,109002,2008,0.254083237141325,0.2583134421083609,0.893516170991424,0.5617078383617476,0.10562150837988826,0.34151686776655993,0.1543606843714025,0.38458595802198364,0.15490311038951277,0.4787407044855298,0.3188094977568662,0.24633817949380518,0.3977915164111674,0
109,109002,2009,0.23643238232006034,0.3275185560605566,0.6623602813113163,0.46920821114369504,0.09319716014897579,0.16577197734548138,0.12798221587074746,0.2757644538522353,0.19866504307040098,0.299619495713406,0.25674581464055146,0.4812658950890125,0.3296234874625463,0
109,109002,2010,0.1594757459803859,0.31118595298041396,0.3675125112987499,0.7172821710820617,0.7007972532588453,0.3464910120659936,0.2533841451311976,0.2236362245288312,0.2092935852914205,0.122992879359616,0.18755881387460338,0.28527519754110625,0.2935963932457366,0
109,109003,2000,0.25985475764158406,0.208645325834614,0.3060252651072554,0.5766191162582633,0.2410672718808194,0.14420093573011572,0.1440196895716724,0.36630027288260947,0.25756550759933255,0.35489524290698965,0.22274865959076484,0.33452107331801056,0.28466351583866684,0
109,109003,2001,0.2892667896712506,0.19721740836412385,0.41757975264004943,0.9446294547442715,0.13620228119180633,0.2542477222359025,0.19526815132388547,0.14868276759072713,0.15842090229859138,0.3333280704801301,0.13407374986322354,0.15456486556324717,0.2473949663500281,1
109,109003,2002,0.09514374267198676,0.17516267207272015,0.27879803346634624,0.8477061484169193,0.11923882681564246,0.13632110317655752,0.1418959152078123,0.2834663742317207,0.32007396382988323,0.2940303456115699,0.2669985775248933,0.2873016088890098,0.23026039446541197,1
109,109003,2003,0.16751042963743942,0.33335513193604294,0.4829692012610507,0.6639246483423629,0.11982076350093111,0.17311007141098253,0.2166051367551903,0.1806125832036928,0.09421368330852842,0.4359852850624437,0.2938395885764307,0.2701111126222307,0.2797474774188931,1
109,109003,2004,0.18360706397753196,0.39051106824052584,0.4000749575607928,0.5764202992196432,0.12290502793296088,0.006377739473036206,0.4466277638839268,0.07854938665170487,0.12856477096769348,0.37894121919257306,0.2571506729401466,0.1520624515497287,0.23477817154484956,1
109,109003,2005,0.05375239722603456,0.23297256645849002,0.35097775524151764,0.45462001093493715,0.3437209031657356,0.09081507017975868,0.22049541502917708,0.27563693861416444,0.14014041101038802,0.41858629237254685,0.13029871977240398,0.2566198370710876,0.15910540546427007,1
109,109003,2006,0.22906119629532004,0.5636628192132884,0.4275006062743888,0.46784134400318106,0.3594331936685288,0.2135434622014282,0.1500932872851415,0.30297620565657596,0.27354590417775376,0.43063296335475315,0.3287121129226393,0.3228114077438834,0.40553894404739305,1
109,109003,2007,0.2803141161393527,0.21418762057352128,0.431072113582751,1.0,0.050395716945996295,0.3391529180004925,0.18318050097256952,0.1641376144449262,0.10542852418106105,0.4043134344853719,0.1311412627202101,0.20030192169076147,0.2705874665911629,1
109,109003,2008,0.25328340437908436,0.2382532779648825,0.8875636588108203,0.5739350862368906,0.10041317504655495,0.35513420339817775,0.14644118931364375,0.3882838999260412,0.14006524451660432,0.49230307719026795,0.31096400043768463,0.2229460484978716,0.38677398980077593,1
109,109003,2009,0.21959953827835996,0.3307229506588628,0.6564298154721223,0.4643620458273274,0.05219972067039105,0.16055158827874905,0.1304037156127188,0.2765805513758894,0.19504201807002514,0.28964112604007136,0.24212714739030533,0.4327680235009316,0.3004881812835839,1
109,109003,2010,0.15783972442125738,0.31898440309976134,0.3636544015520624,0.724663253640837,0.6997497672253259,0.343018960847082,0.24014528998451828,0.22639055367116373,0.21000015033298758,0.11753003773465746,0.1839479155268629,0.2601694569489589,0.2849093177596555,1
109,109004,2000,0.2635539841669469,0.2198443579766537,0.3188341894662581,0.5959789253939063,0.26475209497206703,0.15961585816301402,0.14691754991862174,0.3659942363112392,0.2622709301101941,0.3814358116109068,0.24851734325418537,0.3483251506208435,0.3138797188523851,0
109,109004,2001,0.29815584014251567,0.1984926266226335,0.44410150135584997,0.9440578557582385,0.1496159217877095,0.26518098990396455,0.19880115914413876,0.167478513682385,0.1574738044769164,0.3379383298861645,0.1390852390852391,0.19664350120360674,0.271772916362007,1
109,109004,2002,0.09653436099724602,0.17159860052970605,0.28779294076148065,0.8352800835031562,0.15168179702048415,0.1402610194533366,0.13941487039021874,0.29392262375353856,0.3183902343691276,0.28975164595733927,0.27411095305832145,0.3096873342490718,0.2405778523134939,1
109,109004,2003,0.17939885296710686,0.3315077003564072,0.49743160122577657,0.6729708235995824,0.12377793296089387,0.17114011327259296,0.22938747965543246,0.1979291525337278,0.10344412874517056,0.45464736252111726,0.30465039938724153,0.28974962259788656,0.304091201846937,1
109,109004,2004,0.18274360815465857,0.38491972664552204,0.39764986000573205,0.5678960186888017,0.1491503724394786,0.029475498645653794,0.4519272756143067,0.08331845655555839,0.1302034005321788,0.39387719658335574,0.266823503665609,0.18704184743434565,0.2531884242852297,1
109,109004,2005,0.05564291102769421,0.23362652453977703,0.355651579620362,0.45417267259804167,0.3596659683426443,0.10342280226545188,0.2252788694374975,0.2668128841396547,0.14418436837595275,0.4231965517785813,0.14933800196958094,0.26956710957581365,0.17357660463538857,1
109,109004,2006,0.2314243385473946,0.573341398816336,0.429396591635618,0.4603360007952682,0.37223580074487894,0.23085446934252646,0.14816799650668888,0.3021346050853077,0.2769133630992649,0.4190125834820089,0.33187438450596346,0.3508819649390037,0.41640089982171585,1
109,109004,2007,0.2889759413940721,0.2124219337540464,0.4261998721312198,0.993439037725533,0.07859054934823093,0.35291800049248956,0.18943273391290538,0.16877916911070875,0.10822471774981586,0.4294961870628543,0.13293576977787505,0.24420296753661822,0.29410977700476365,1
109,109004,2008,0.254083237141325,0.2583134421083609,0.893516170991424,0.5617078383617476,0.10562150837988826,0.34151686776655993,0.1543606843714025,0.38458595802198364,0.15490311038951277,0.4787407044855298,0.3188094977568662,0.24633817949380518,0.3977915164111674,1
109,109004,2009,0.23643238232006034,0.3275185560605566,0.6623602813113163,0.46920821114369504,0.09319716014897579,0.16577197734548138,0.12798221587074746,0.2757644538522353,0.19866504307040098,0.299619495713406,0.25674581464055146,0.4812658950890125,0.3296234874625463,1
109,109004,2010,0.1594757459803859,0.31118595298041396,0.3675125112987499,0.7172821710820617,0.7007972532588453,0.3464910120659936,0.2533841451311976,0.2236362245288312,0.2092935852914205,0.122992879359616,0.18755881387460338,0.28527519754110625,0.2935963932457366,1
109,109005,2000,0.25985475764158406,0.208645325834614,0.3060252651072554,0.5766191162582633,0.2410672718808194,0.14420093573011572,0.1440196895716724,0.36630027288260947,0.25756550759933255,0.35489524290698965,0.22274865959076484,0.33452107331801056,0.28466351583866684,0
109,109005,2001,0.2892667896712506,0.19721740836412385,0.41757975264004943,0.9446294547442715,0.13620228119180633,0.2542477222359025,0.19526815132388547,0.14868276759072713,0.15842090229859138,0.3333280704801301,0.13407374986322354,0.15456486556324717,0.2473949663500281,1
109,109005,2002,0.09514374267198676,0.17516267207272015,0.27879803346634624,0.8477061484169193,0.11923882681564246,0.13632110317655752,0.1418959152078123,0.2834663742317207,0.32007396382988323,0.2940303456115699,0.2669985775248933,0.2873016088890098,0.23026039446541197,1
109,109005,2003,0.16751042963743942,0.33335513193604294,0.4829692012610507,0.6639246483423629,0.11982076350093111,0.17311007141098253,0.2166051367551903,0.1806125832036928,0.09421368330852842,0.4359852850624437,0.2938395885764307,0.2701111126222307,0.2797474774188931,1
109,109005,2004,0.18360706397753196,0.39051106824052584,0.4000749575607928,0.5764202992196432,0.12290502793296088,0.006377739473036206,0.4466277638839268,0.07854938665170487,0.12856477096769348,0.37894121919257306,0.2571506729401466,0.1520624515497287,0.23477817154484956,1
109,109005,2005,0.05375239722603456,0.23297256645849002,0.35097775524151764,0.45462001093493715,0.3437209031657356,0.09081507017975868,0.22049541502917708,0.27563693861416444,0.14014041101038802,0.41858629237254685,0.13029871977240398,0.2566198370710876,0.15910540546427007,1
109,109005,2006,0.22906119629532004,0.5636628192132884,0.4275006062743888,0.46784134400318106,0.3594331936685288,0.2135434622014282,0.1500932872851415,0.30297620565657596,0.27354590417775376,0.43063296335475315,0.3287121129226393,0.3228114077438834,0.40553894404739305,1
109,109005,2007,0.2803141161393527,0.21418762057352128,0.431072113582751,1.0,0.050395716945996295,0.3391529180004925,0.18318050097256952,0.1641376144449262,0.10542852418106105,0.4043134344853719,0.1311412627202101,0.20030192169076147,0.2705874665911629,1
109,109005,2008,0.25328340437908436,0.2382532779648825,0.8875636588108203,0.5739350862368906,0.10041317504655495,0.35513420339817775,0.14644118931364375,0.3882838999260412,0.14006524451660432,0.49230307719026795,0.31096400043768463,0.2229460484978716,0.38677398980077593,1
109,109005,2009,0.21959953827835996,0.3307229506588628,0.6564298154721223,0.4643620458273274,0.05219972067039105,0.16055158827874905,0.1304037156127188,0.2765805513758894,0.19504201807002514,0.28964112604007136,0.24212714739030533,0.4327680235009316,0.3004881812835839,1
109,109005,2010,0.15783972442125738,0.31898440309976134,0.3636544015520624,0.724663253640837,0.6997497672253259,0.343018960847082,0.24014528998451828,0.22639055367116373,0.21000015033298758,0.11753003773465746,0.1839479155268629,0.2601694569489589,0.2849093177596555,1
109,109006,2000,0.24213119075102482,0.20741915443220088,0.3269031504221875,0.5067846314429147,0.19707285847299816,0.16956414676188133,0.1936008892064626,0.4202647216342353,0.23636855635232043,0.3281810000473657,0.2275631907210855,0.33836989487141134,0.27802375255525097,0
109,109006,2001,0.26871654108686366,0.23231860837720308,0.37412641372164285,0.9295690640687906,0.18750000000000003,0.2829598621029303,0.22827597157715052,0.23763739766902145,0.14876952449676034,0.3478377567614507,0.13196192143560567,0.14828163037713013,0.26298316412412054,0
109,109006,2002,0.08066495187369914,0.15317333158944513,0.3275865870058863,0.8460659078483026,0.1520018621973929,0.13932528933760158,0.28877376840935254,0.36028155364566067,0.2860686420421233,0.24058607133271231,0.25905460115986434,0.2686831046253859,0.23999290596987521,0
109,109006,2003,0.1649473291948047,0.3144393944348168,0.5040014109658502,0.7261543814304886,0.1398684823091248,0.13681359271115487,0.22238100909054817,0.16985029711050467,0.10506772501089917,0.36847340417133745,0.2605755553123974,0.25453902541854234,0.2591094503060078,0
109,109006,2004,0.1536406024194941,0.338881077722918,0.45045084768182714,0.5703563795417268,0.16236033519553073,0.02191578428958384,0.39911079353737444,0.16497921501619442,0.12222071889234658,0.3787675450368663,0.23172119487908965,0.10107576602428973,0.21008596844401162,0
109,109006,2005,0.04584495969024659,0.2230324036229278,0.35906876253885667,0.4304140364829266,0.37264315642458096,0.06897315932036444,0.2723591758961534,0.38649868659304787,0.1212886543694283,0.3933088084374063,0.12363497100339205,0.22748847393545402,0.15716388143013155,0
109,109006,2006,0.21805440680584967,0.48016872118497206,0.39480588196388805,0.4409761916596252,0.3623137802607076,0.23127308544693428,0.18079869794767972,0.3324577286985795,0.23742088726529265,0.4024819615706459,0.31613962140277935,0.3549211875586503,0.37960839709144767,0
109,109006,2007,0.2603001190660135,0.2124709806101429,0.42692740139773794,0.953625925741836,0.12171205772811917,0.3303127308544694,0.19336270890397358,0.1935936344393155,0.11252424119424526,0.4433901195193962,0.1255607834555203,0.171524160535299,0.26971626990917774,1
109,109006,2008,0.22821591848977033,0.21534839616780566,0.8393924028307502,0.5821362890799742,0.14484404096834264,0.38625954198473283,0.16926680163550473,0.37083981535793525,0.12985763466077363,0.4320697222792365,0.28988948462632674,0.21492200356321997,0.35638789409982047,0
109,109006,2009,0.1754451341992129,0.3377530000326979,0.5815824863863842,0.4471643719866793,0.0,0.15272100467865057,0.15110555357071967,0.28061003289893144,0.21124791412979754,0.27953644788985904,0.22778203304519096,0.391994995171973,0.259118784556172,1
109,109006,2010,0.1428065040945984,0.32800902462152176,0.3871117088119226,0.7433520552711367,0.6304993016759777,0.43735533119921205,0.23752530665713942,0.27331616128127306,0.20559539379726097,0.1248085637147323,0.18045738045738047,0.23873573692012676,0.29158952946044914,0
113,113001,2000,0.25985475764158406,0.208645325834614,0.3060252651072554,0.5766191162582633,0.2410672718808194,0.14420093573011572,0.1440196895716724,0.36630027288260947,0.25756550759933255,0.35489524290698965,0.22274865959076484,0.33452107331801056,0.28466351583866684,0
113,113001,2001,0.2892667896712506,0.19721740836412385,0.41757975264004943,0.9446294547442715,0.13620228119180633,0.2542477222359025,0.19526815132388547,0.14868276759072713,0.15842090229859138,0.3333280704801301,0.13407374986322354,0.15456486556324717,0.2473949663500281,1
113,113001,2002,0.09514374267198676,0.17516267207272015,0.27879803346634624,0.8477061484169193,0.11923882681564246,0.13632110317655752,0.1418959152078123,0.2834663742317207,0.32007396382988323,0.2940303456115699,0.2669985775248933,0.2873016088890098,0.23026039446541197,1
113,113001,2003,0.16751042963743942,0.33335513193604294,0.4829692012610507,0.6639246483423629,0.11982076350093111,0.17311007141098253,0.2166051367551903,0.1806125832036928,0.09421368330852842,0.4359852850624437,0.2938395885764307,0.2701111126222307,0.2797474774188931,1
113,113001,2004,0.18360706397753196,0.39051106824052584,0.4000749575607928,0.5764202992196432,0.12290502793296088,0.006377739473036206,0.4466277638839268,0.07854938665170487,0.12856477096769348,0.37894121919257306,0.2571506729401466,0.1520624515497287,0.23477817154484956,1
113,113001,2005,0.05375239722603456,0.23297256645849002,0.35097775524151764,0.45462001093493715,0.3437209031657356,0.09081507017975868,0.22049541502917708,0.27563693861416444,0.14014041101038802,0.41858629237254685,0.13029871977240398,0.2566198370710876,0.15910540546427007,1
113,113001,2006,0.22906119629532004,0.5636628192132884,0.4275006062743888,0.46784134400318106,0.3594331936685288,0.2135434622014282,0.1500932872851415,0.30297620565657596,0.27354590417775376,0.43063296335475315,0.3287121129226393,0.3228114077438834,0.40553894404739305,1
113,113001,2007,0.2803141161393527,0.21418762057352128,0.431072113582751,1.0,0.050395716945996295,0.3391529180004925,0.18318050097256952,0.1641376144449262,0.10542852418106105,0.4043134344853719,0.1311412627202101,0.20030192169076147,0.2705874665911629,1
113,113001,2008,0.25328340437908436,0.2382532779648825,0.8875636588108203,0.5739350862368906,0.10041317504655495,0.35513420339817775,0.14644118931364375,0.3882838999260412,0.14006524451660432,0.49230307719026795,0.31096400043768463,0.2229460484978716,0.38677398980077593,1
113,113001,2009,0.21959953827835996,0.3307229506588628,0.6564298154721223,0.4643620458273274,0.05219972067039105,0.16055158827874905,0.1304037156127188,0.2765805513758894,0.19504201807002514,0.28964112604007136,0.24212714739030533,0.4327680235009316,0.3004881812835839,1
113,113001,2010,0.15783972442125738,0.31898440309976134,0.3636544015520624,0.724663253640837,0.6997497672253259,0.343018960847082,0.24014528998451828,0.22639055367116373,0.21000015033298758,0.11753003773465746,0.1839479155268629,0.2601694569489589,0.2849093177596555,1
105,105001,2000,0.24213119075102482,0.20741915443220088,0.3269031504221875,0.5067846314429147,0.19707285847299816,0.16956414676188133,0.1936008892064626,0.4202647216342353,0.23636855635232043,0.3281810000473657,0.2275631907210855,0.33836989487141134,0.27802375255525097,0
105,105001,2001,0.26871654108686366,0.23231860837720308,0.37412641372164285,0.9295690640687906,0.18750000000000003,0.2829598621029303,0.22827597157715052,0.23763739766902145,0.14876952449676034,0.3478377567614507,0.13196192143560567,0.14828163037713013,0.26298316412412054,0
105,105001,2002,0.08066495187369914,0.15317333158944513,0.3275865870058863,0.8460659078483026,0.1520018621973929,0.13932528933760158,0.28877376840935254,0.36028155364566067,0.2860686420421233,0.24058607133271231,0.25905460115986434,0.2686831046253859,0.23999290596987521,0
105,105001,2003,0.1649473291948047,0.3144393944348168,0.5040014109658502,0.7261543814304886,0.1398684823091248,0.13681359271115487,0.22238100909054817,0.16985029711050467,0.10506772501089917,0.36847340417133745,0.2605755553123974,0.25453902541854234,0.2591094503060078,0
105,105001,2004,0.1536406024194941,0.338881077722918,0.45045084768182714,0.5703563795417268,0.16236033519553073,0.02191578428958384,0.39911079353737444,0.16497921501619442,0.12222071889234658,0.3787675450368663,0.23172119487908965,0.10107576602428973,0.21008596844401162,0
105,105001,2005,0.04584495969024659,0.2230324036229278,0.35906876253885667,0.4304140364829266,0.37264315642458096,0.06897315932036444,0.2723591758961534,0.38649868659304787,0.1212886543694283,0.3933088084374063,0.12363497100339205,0.22748847393545402,0.15716388143013155,0
105,105001,2006,0.21805440680584967,0.48016872118497206,0.39480588196388805,0.4409761916596252,0.3623137802607076,0.23127308544693428,0.18079869794767972,0.3324577286985795,0.23742088726529265,0.4024819615706459,0.31613962140277935,0.3549211875586503,0.37960839709144767,0
105,105001,2007,0.2603001190660135,0.2124709806101429,0.42692740139773794,0.953625925741836,0.12171205772811917,0.3303127308544694,0.19336270890397358,0.1935936344393155,0.11252424119424526,0.4433901195193962,0.1255607834555203,0.171524160535299,0.26971626990917774,1
105,105001,2008,0.22821591848977033,0.21534839616780566,0.8393924028307502,0.5821362890799742,0.14484404096834264,0.38625954198473283,0.16926680163550473,0.37083981535793525,0.12985763466077363,0.4320697222792365,0.28988948462632674,0.21492200356321997,0.35638789409982047,0
105,105001,2009,0.1754451341992129,0.3377530000326979,0.5815824863863842,0.4471643719866793,0.0,0.15272100467865057,0.15110555357071967,0.28061003289893144,0.21124791412979754,0.27953644788985904,0.22778203304519096,0.391994995171973,0.259118784556172,0
105,105001,2010,0.1428065040945984,0.32800902462152176,0.3871117088119226,0.7433520552711367,0.6304993016759777,0.43735533119921205,0.23752530665713942,0.27331616128127306,0.20559539379726097,0.1248085637147323,0.18045738045738047,0.23873573692012676,0.29158952946044914,0
105,105002,2000,0.20674768003053906,0.22844390674557766,0.3407923455102625,0.3939559620259456,0.06055051210428306,0.22147254370844618,0.25951728792028894,0.41547014868276755,0.19003592958402862,0.28736757345627356,0.19579822737717476,0.3258034244991772,0.22991502720933923,0
105,105002,2001,0.23070630686311044,0.27438446195598865,0.30417337242884546,0.7542124360057656,0.26678887337057733,0.2892637281457769,0.23794212218649513,0.37265053173854273,0.10738285301943808,0.36138434090657906,0.1263267315898895,0.2057691523072529,0.2590658904719086,1
105,105002,2002,0.06540450633049452,0.09518359873132133,0.39251306245728523,0.7149212187484466,0.25931098696461824,0.12957399655257323,0.5325116112897462,0.41452653592104255,0.20481366226191017,0.11816158011904575,0.19910274647116757,0.24296536060601942,0.20766839765150266,1
105,105002,2003,0.1729638348345346,0.2886570970800772,0.4726294671399281,0.7500869824543963,0.16457169459962756,0.07347943856193055,0.20989639156841727,0.1221595980719696,0.13959921225514518,0.3138607764813616,0.1643396432870117,0.23646452420133554,0.20726080206100245,0
105,105002,2004,0.12368322987011805,0.19352254520485238,0.5086752353446945,0.46113126894974904,0.24851606145251398,0.08808175326274317,0.2403834702870072,0.30708219632246053,0.10978818082051746,0.4073448379304356,0.1427508480140059,0.0696459900175441,0.1473006904233705,1
105,105002,2005,0.04344546140352472,0.14799071379524573,0.3104124870477744,0.3515830806700134,0.43863477653631283,0.03388327998030041,0.3214441665674248,0.5722118793195787,0.07632405778800044,0.3463852092773576,0.16971222234380132,0.2052387493369963,0.1477518458479699,1
105,105002,2006,0.1880879452478118,0.30319131543668054,0.3026521748715801,0.39442815249266866,0.3733705772811918,0.2511696626446688,0.21847088245802068,0.3562520721226186,0.1459582976292488,0.29426717400571545,0.22687383740015324,0.4363312434549633,0.282329953297635,1
105,105002,2007,0.2223353298855694,0.1529934931170912,0.337926321127009,0.633605049952781,0.27595437616387336,0.2905934498891899,0.21694255885038308,0.27142893575782306,0.1294517355943415,0.49607654293698783,0.12041798883904146,0.21070597995348775,0.23883234753280205,1
105,105002,2008,0.161448060860002,0.1934408004446915,0.6482506228091448,0.4962473283960436,0.20737313780260705,0.38923910366904707,0.2467349450200468,0.4086098288745505,0.127407206963424,0.319544657940856,0.21039501039501043,0.21651321247398986,0.2705252382567354,1
105,105002,2009,0.11287639857120783,0.27703299218520094,0.45439714279415333,0.3697996918335902,0.03503258845437618,0.12110317655749815,0.18891667659084593,0.3000433551809441,0.2346697935928081,0.271247454094763,0.20153189626873838,0.3601164166519333,0.1950142658456675,1
105,105002,2010,0.11697554147769101,0.23671647647385807,0.36738023325029207,0.6275908345345196,0.3973172718808194,0.559615858163014,0.22083283712436977,0.31287138813088167,0.1528285151610818,0.11513017667398204,0.18283181967392498,0.22584286472004245,0.2257208374689247,1
104,104001,2000,0.20674768003053906,0.22844390674557766,0.3407923455102625,0.3939559620259456,0.06055051210428306,0.22147254370844618,0.25951728792028894,0.41547014868276755,0.19003592958402862,0.28736757345627356,0.19579822737717476,0.3258034244991772,0.22991502720933923,0
104,104001,2001,0.23070630686311044,0.27438446195598865,0.30417337242884546,0.7542124360057656,0.26678887337057733,0.2892637281457769,0.23794212218649513,0.37265053173854273,0.10738285301943808,0.36138434090657906,0.1263267315898895,0.2057691523072529,0.2590658904719086,1
104,104001,2002,0.06540450633049452,0.09518359873132133,0.39251306245728523,0.7149212187484466,0.25931098696461824,0.12957399655257323,0.5325116112897462,0.41452653592104255,0.20481366226191017,0.11816158011904575,0.19910274647116757,0.24296536060601942,0.20766839765150266,0
104,104001,2003,0.1729638348345346,0.2886570970800772,0.4726294671399281,0.7500869824543963,0.16457169459962756,0.07347943856193055,0.20989639156841727,0.1221595980719696,0.13959921225514518,0.3138607764813616,0.1643396432870117,0.23646452420133554,0.20726080206100245,0
104,104001,2004,0.12368322987011805,0.19352254520485238,0.5086752353446945,0.46113126894974904,0.24851606145251398,0.08808175326274317,0.2403834702870072,0.30708219632246053,0.10978818082051746,0.4073448379304356,0.1427508480140059,0.0696459900175441,0.1473006904233705,0
104,104001,2005,0.04344546140352472,0.14799071379524573,0.3104124870477744,0.3515830806700134,0.43863477653631283,0.03388327998030041,0.3214441665674248,0.5722118793195787,0.07632405778800044,0.3463852092773576,0.16971222234380132,0.2052387493369963,0.1477518458479699,0
104,104001,2006,0.1880879452478118,0.30319131543668054,0.3026521748715801,0.39442815249266866,0.3733705772811918,0.2511696626446688,0.21847088245802068,0.3562520721226186,0.1459582976292488,0.29426717400571545,0.22687383740015324,0.4363312434549633,0.282329953297635,0
104,104001,2007,0.2223353298855694,0.1529934931170912,0.337926321127009,0.633605049952781,0.27595437616387336,0.2905934498891899,0.21694255885038308,0.27142893575782306,0.1294517355943415,0.49607654293698783,0.12041798883904146,0.21070597995348775,0.23883234753280205,0
104,104001,2008,0.161448060860002,0.1934408004446915,0.6482506228091448,0.4962473283960436,0.20737313780260705,0.38923910366904707,0.2467349450200468,0.4086098288745505,0.127407206963424,0.319544657940856,0.21039501039501043,0.21651321247398986,0.2705252382567354,0
104,104001,2009,0.11287639857120783,0.27703299218520094,0.45439714279415333,0.3697996918335902,0.03503258845437618,0.12110317655749815,0.18891667659084593,0.3000433551809441,0.2346697935928081,0.271247454094763,0.20153189626873838,0.3601164166519333,0.1950142658456675,0
104,104001,2010,0.11697554147769101,0.23671647647385807,0.36738023325029207,0.6275908345345196,0.3973172718808194,0.559615858163014,0.22083283712436977,0.31287138813088167,0.1528285151610818,0.11513017667398204,0.18283181967392498,0.22584286472004245,0.2257208374689247,0
104,104002,2000,0.20674768003053906,0.22844390674557766,0.3407923455102625,0.3939559620259456,0.06055051210428306,0.22147254370844618,0.25951728792028894,0.41547014868276755,0.19003592958402862,0.28736757345627356,0.19579822737717476,0.3258034244991772,0.22991502720933923,0
104,104002,2001,0.23070630686311044,0.27438446195598865,0.30417337242884546,0.7542124360057656,0.26678887337057733,0.2892637281457769,0.23794212218649513,0.37265053173854273,0.10738285301943808,0.36138434090657906,0.1263267315898895,0.2057691523072529,0.2590658904719086,1
104,104002,2002,0.06540450633049452,0.09518359873132133,0.39251306245728523,0.7149212187484466,0.25931098696461824,0.12957399655257323,0.5325116112897462,0.41452653592104255,0.20481366226191017,0.11816158011904575,0.19910274647116757,0.24296536060601942,0.20766839765150266,1
104,104002,2003,0.1729638348345346,0.2886570970800772,0.4726294671399281,0.7500869824543963,0.16457169459962756,0.07347943856193055,0.20989639156841727,0.1221595980719696,0.13959921225514518,0.3138607764813616,0.1643396432870117,0.23646452420133554,0.20726080206100245,0
104,104002,2004,0.12368322987011805,0.19352254520485238,0.5086752353446945,0.46113126894974904,0.24851606145251398,0.08808175326274317,0.2403834702870072,0.30708219632246053,0.10978818082051746,0.4073448379304356,0.1427508480140059,0.0696459900175441,0.1473006904233705,1
104,104002,2005,0.04344546140352472,0.14799071379524573,0.3104124870477744,0.3515830806700134,0.43863477653631283,0.03388327998030041,0.3214441665674248,0.5722118793195787,0.07632405778800044,0.3463852092773576,0.16971222234380132,0.2052387493369963,0.1477518458479699,0
104,104002,2006,0.1880879452478118,0.30319131543668054,0.3026521748715801,0.39442815249266866,0.3733705772811918,0.2511696626446688,0.21847088245802068,0.3562520721226186,0.1459582976292488,0.29426717400571545,0.22687383740015324,0.4363312434549633,0.282329953297635,1
104,104002,2007,0.2223353298855694,0.1529934931170912,0.337926321127009,0.633605049952781,0.27595437616387336,0.2905934498891899,0.21694255885038308,0.27142893575782306,0.1294517355943415,0.49607654293698783,0.12041798883904146,0.21070597995348775,0.23883234753280205,1
104,104002,2008,0.161448060860002,0.1934408004446915,0.6482506228091448,0.4962473283960436,0.20737313780260705,0.38923910366904707,0.2467349450200468,0.4086098288745505,0.127407206963424,0.319544657940856,0.21039501039501043,0.21651321247398986,0.2705252382567354,1
104,104002,2009,0.11287639857120783,0.27703299218520094,0.45439714279415333,0.3697996918335902,0.03503258845437618,0.12110317655749815,0.18891667659084593,0.3000433551809441,0.2346697935928081,0.271247454094763,0.20153189626873838,0.3601164166519333,0.1950142658456675,1
104,104002,2010,0.11697554147769101,0.23671647647385807,0.36738023325029207,0.6275908345345196,0.3973172718808194,0.559615858163014,0.22083283712436977,0.31287138813088167,0.1528285151610818,0.11513017667398204,0.18283181967392498,0.22584286472004245,0.2257208374689247,1
104,104003,2000,0.20674768003053906,0.22844390674557766,0.3407923455102625,0.3939559620259456,0.06055051210428306,0.22147254370844618,0.25951728792028894,0.41547014868276755,0.19003592958402862,0.28736757345627356,0.19579822737717476,0.3258034244991772,0.22991502720933923,0
104,104003,2001,0.23070630686311044,0.27438446195598865,0.30417337242884546,0.7542124360057656,0.26678887337057733,0.2892637281457769,0.23794212218649513,0.37265053173854273,0.10738285301943808,0.36138434090657906,0.1263267315898895,0.2057691523072529,0.2590658904719086,1
104,104003,2002,0.06540450633049452,0.09518359873132133,0.39251306245728523,0.7149212187484466,0.25931098696461824,0.12957399655257323,0.5325116112897462,0.41452653592104255,0.20481366226191017,0.11816158011904575,0.19910274647116757,0.24296536060601942,0.20766839765150266,1
104,104003,2003,0.1729638348345346,0.2886570970800772,0.4726294671399281,0.7500869824543963,0.16457169459962756,0.07347943856193055,0.20989639156841727,0.1221595980719696,0.13959921225514518,0.3138607764813616,0.1643396432870117,0.23646452420133554,0.20726080206100245,0
104,104003,2004,0.12368322987011805,0.19352254520485238,0.5086752353446945,0.46113126894974904,0.24851606145251398,0.08808175326274317,0.2403834702870072,0.30708219632246053,0.10978818082051746,0.4073448379304356,0.1427508480140059,0.0696459900175441,0.1473006904233705,1
104,104003,2005,0.04344546140352472,0.14799071379524573,0.3104124870477744,0.3515830806700134,0.43863477653631283,0.03388327998030041,0.3214441665674248,0.5722118793195787,0.07632405778800044,0.3463852092773576,0.16971222234380132,0.2052387493369963,0.1477518458479699,1
104,104003,2006,0.1880879452478118,0.30319131543668054,0.3026521748715801,0.39442815249266866,0.3733705772811918,0.2511696626446688,0.21847088245802068,0.3562520721226186,0.1459582976292488,0.29426717400571545,0.22687383740015324,0.4363312434549633,0.282329953297635,1
104,104003,2007,0.2223353298855694,0.1529934931170912,0.337926321127009,0.633605049952781,0.27595437616387336,0.2905934498891899,0.21694255885038308,0.27142893575782306,0.1294517355943415,0.49607654293698783,0.12041798883904146,0.21070597995348775,0.23883234753280205,1
104,104003,2008,0.161448060860002,0.1934408004446915,0.6482506228091448,0.4962473283960436,0.20737313780260705,0.38923910366904707,0.2467349450200468,0.4086098288745505,0.127407206963424,0.319544657940856,0.21039501039501043,0.21651321247398986,0.2705252382567354,1
104,104003,2009,0.11287639857120783,0.27703299218520094,0.45439714279415333,0.3697996918335902,0.03503258845437618,0.12110317655749815,0.18891667659084593,0.3000433551809441,0.2346697935928081,0.271247454094763,0.20153189626873838,0.3601164166519333,0.1950142658456675,1
104,104003,2010,0.11697554147769101,0.23671647647385807,0.36738023325029207,0.6275908345345196,0.3973172718808194,0.559615858163014,0.22083283712436977,0.31287138813088167,0.1528285151610818,0.11513017667398204,0.18283181967392498,0.22584286472004245,0.2257208374689247,0
101,101001,2000,0.23784117866264326,0.3119216558218619,0.3796600454154632,0.5404095630995577,0.058368249534450654,0.2725437084461955,0.21096820292961768,0.20274922853280966,0.10383499451284595,0.23605475472472645,0.2738155159207791,0.2838471895442614,0.2375535552603166,0
101,101001,2001,0.30105523390563793,0.21933754046365628,0.4691461451972045,0.525026094736319,0.29422718808193665,0.24942132479684812,0.16785756817911154,0.32745913136619825,0.11816172822802508,0.34529579866428783,0.13343910712331766,0.5329597845747936,0.32460477229096724,0
101,101001,2002,0.14284286012924569,0.07155936304482884,0.22451994091580502,0.3918435309906059,0.43374650837988826,0.12019207091849296,0.49368822198404183,0.16515773634949374,0.10926201536403135,0.0,0.20382974067184598,0.25988385534958997,0.1086382262435555,0
101,101001,2003,0.20159421211928413,0.2859104731386718,0.35155096011816833,0.5379243501168051,0.1050104748603352,0.020487564639251415,0.18284307887737683,0.2054015454846854,0.17882108871149602,0.3963875775612991,0.0851296640770325,0.28154877667314937,0.17790769671154363,0
101,101001,2004,0.34735464402897576,0.06958113984893569,0.5405321986816287,0.23756150902132314,0.3569017690875233,0.21216449150455552,0.1751816124806478,0.3241692382239678,0.12842947127888274,0.28100478393356176,0.1065433854907539,0.11498864393640602,0.17495807365967944,0
101,101001,2005,0.11304908973578251,0.06060556518327176,0.22714345554355253,0.26107162383816296,0.6743482309124766,0.05831076089633095,0.18758683656861574,0.3242457473668103,0.11056991235586827,0.3863934193283547,0.2618995513732356,0.17837859892015395,0.14396836311477706,0
101,101001,2006,0.2883760668223917,0.21191511624104897,0.20302475804140302,0.502833142800338,0.40470786778398504,0.39101206599359767,0.2549124687388353,0.24771110147662645,0.06052406079466018,0.16191167879754328,0.1347193347193347,0.7708115165444926,0.31885176277314353,1
101,101001,2007,0.34853621515501304,0.14687898505705782,0.44630613549681425,0.4522342064714946,0.3118016759776537,0.292267914306821,0.20882458020721686,0.30675065670347607,0.12991776785580064,0.44070606438574605,0.19334719334719333,0.35836200682723823,0.32424073653456625,1
101,101001,2008,0.16192977831907873,0.21382794362881344,0.5803699376088538,0.3652268999453253,0.19183542830540035,0.30994828859886725,0.2681314755269739,0.4902450842875724,0.14882965769178733,0.26914757566667186,0.20017507385928437,0.23020848916753933,0.24494628139030541,0
101,101001,2009,0.056506366850567605,0.21554458359219175,0.4779426354196521,0.3025498285203042,0.2503491620111732,0.1289830091110564,0.21182168234686988,0.307541251179516,0.17031224161517763,0.26183747256737766,0.20186015975489663,0.283194385888561,0.15476809055467228,0
101,101001,2010,0.06685874771638656,0.07742863682437956,0.45913710619722653,0.4592673592126846,0.31849394785847296,0.5402610194533367,0.3238259695923147,0.28361939251740587,0.16416362242366847,0.17135323744414796,0.19615931721194885,0.18996586380883734,0.1808262055961941,0
101,101002,2000,0.20674768003053906,0.22844390674557766,0.3407923455102625,0.3939559620259456,0.06055051210428306,0.22147254370844618,0.25951728792028894,0.41547014868276755,0.19003592958402862,0.28736757345627356,0.19579822737717476,0.3258034244991772,0.22991502720933923,0
101,101002,2001,0.23070630686311044,0.27438446195598865,0.30417337242884546,0.7542124360057656,0.26678887337057733,0.2892637281457769,0.23794212218649513,0.37265053173854273,0.10738285301943808,0.36138434090657906,0.1263267315898895,0.2057691523072529,0.2590658904719086,1
101,101002,2002,0.06540450633049452,0.09518359873132133,0.39251306245728523,0.7149212187484466,0.25931098696461824,0.12957399655257323,0.5325116112897462,0.41452653592104255,0.20481366226191017,0.11816158011904575,0.19910274647116757,0.24296536060601942,0.20766839765150266,0
101,101002,2003,0.1729638348345346,0.2886570970800772,0.4726294671399281,0.7500869824543963,0.16457169459962756,0.07347943856193055,0.20989639156841727,0.1221595980719696,0.13959921225514518,0.3138607764813616,0.1643396432870117,0.23646452420133554,0.20726080206100245,0
101,101002,2004,0.12368322987011805,0.19352254520485238,0.5086752353446945,0.46113126894974904,0.24851606145251398,0.08808175326274317,0.2403834702870072,0.30708219632246053,0.10978818082051746,0.4073448379304356,0.1427508480140059,0.0696459900175441,0.1473006904233705,0
101,101002,2005,0.04344546140352472,0.14799071379524573,0.3104124870477744,0.3515830806700134,0.43863477653631283,0.03388327998030041,0.3214441665674248,0.5722118793195787,0.07632405778800044,0.3463852092773576,0.16971222234380132,0.2052387493369963,0.1477518458479699,0
101,101002,2006,0.1880879452478118,0.30319131543668054,0.3026521748715801,0.39442815249266866,0.3733705772811918,0.2511696626446688,0.21847088245802068,0.3562520721226186,0.1459582976292488,0.29426717400571545,0.22687383740015324,0.4363312434549633,0.282329953297635,1
101,101002,2007,0.2223353298855694,0.1529934931170912,0.337926321127009,0.633605049952781,0.27595437616387336,0.2905934498891899,0.21694255885038308,0.27142893575782306,0.1294517355943415,0.49607654293698783,0.12041798883904146,0.21070597995348775,0.23883234753280205,1
101,101002,2008,0.161448060860002,0.1934408004446915,0.6482506228091448,0.4962473283960436,0.20737313780260705,0.38923910366904707,0.2467349450200468,0.4086098288745505,0.127407206963424,0.319544657940856,0.21039501039501043,0.21651321247398986,0.2705252382567354,0
101,101002,2009,0.11287639857120783,0.27703299218520094,0.45439714279415333,0.3697996918335902,0.03503258845437618,0.12110317655749815,0.18891667659084593,0.3000433551809441,0.2346697935928081,0.271247454094763,0.20153189626873838,0.3601164166519333,0.1950142658456675,0
101,101002,2010,0.11697554147769101,0.23671647647385807,0.36738023325029207,0.6275908345345196,0.3973172718808194,0.559615858163014,0.22083283712436977,0.31287138813088167,0.1528285151610818,0.11513017667398204,0.18283181967392498,0.22584286472004245,0.2257208374689247,1
101,101005,2000,0.19972187633494812,0.26042245692051147,0.3518596088979034,0.46764252696456093,0.025139664804469275,0.2669293277517853,0.23808106069628038,0.2838744229935477,0.1364873194124987,0.24601733583845145,0.2165991902834008,0.305675311781746,0.2090000840082514,0
101,101005,2001,0.25020223044272566,0.25296733479383976,0.356952313763531,0.611834584223868,0.3012395251396648,0.2579660182221128,0.19427573339684806,0.3677284435490041,0.09937010478209234,0.37290998942166503,0.13201663201663202,0.3612588230494091,0.2813840826143368,0
101,101005,2002,0.10346018559755688,0.0663440473465651,0.35997266253665205,0.5556936229434862,0.3903340316573556,0.12918000492489534,0.5533920844746137,0.2844354900410599,0.15341481381259492,0.032177084484582466,0.1840026261078893,0.26582708863169635,0.16539669007489177,1
101,101005,2003,0.19980367741290456,0.2918778406304156,0.42639828920390666,0.661613400268403,0.1616329143389199,0.053459738980546664,0.18119566511849466,0.13876208206880722,0.1865331709737068,0.34202756682507857,0.1226939490097385,0.2723823253410219,0.20577976770162754,1
101,101005,2004,0.22355325704625398,0.11496583069025275,0.5556339425472343,0.3678363735772156,0.30973580074487894,0.1676188131002216,0.15833035607955223,0.3216189334625488,0.11943955862234854,0.38284099341617067,0.10834883466462414,0.07980524690938269,0.15670339175536793,1
101,101005,2005,0.07652945293256863,0.08753228918026355,0.2594854383914989,0.3137829912023461,0.5539164338919925,0.0338094065501108,0.29097693620737564,0.537731758945194,0.08289360934469854,0.35843188025956396,0.2256045519203414,0.19732350501162807,0.15680917992389473,1
101,101005,2006,0.22477118420693853,0.20565346761272604,0.24204678233647126,0.43806849246980467,0.41634660148975783,0.3150701797586802,0.22879202889921002,0.31524317155900133,0.07447496204092063,0.20653014825457475,0.14659153080205709,0.6020345713935998,0.26551896875204184,1
101,101005,2007,0.2663624878434509,0.14190890363927672,0.37412641372164285,0.47184253690541283,0.34631052141527,0.26574735286875156,0.2161486245087531,0.30726071765575985,0.1428614380853591,0.48391935203751363,0.1558813874603348,0.2655142868800065,0.2682819068006235,1
101,101005,2008,0.1409705243449097,0.1873589902887225,0.5691042571485263,0.4229832496644963,0.20588919925512106,0.35951736025609454,0.2747806756381247,0.4459462905817245,0.15033298756746194,0.2627216319055212,0.18151876572929204,0.21070597995348775,0.23106002856280544,0
101,101005,2009,0.06644974232660443,0.22988261452440903,0.45444123547697257,0.3291664595655848,0.13940293296089384,0.11253385865550355,0.20279067921082922,0.31106067175027413,0.21407417429606582,0.27085274010452026,0.1947149578728526,0.31447456105754196,0.16193990609744327,1
101,101005,2010,0.10200594421166483,0.14359284569859074,0.4334310721135828,0.5310900144142353,0.31538058659217877,0.5759172617581876,0.2716446349886864,0.3180740098441764,0.15921766713269894,0.1424917504776039,0.183433636065215,0.19569149587237689,0.20199317355171323,1
101,101006,2000,0.19972187633494812,0.26042245692051147,0.3518596088979034,0.46764252696456093,0.025139664804469275,0.2669293277517853,0.23808106069628038,0.2838744229935477,0.1364873194124987,0.24601733583845145,0.2165991902834008,0.305675311781746,0.2090000840082514,0
101,101006,2001,0.25020223044272566,0.25296733479383976,0.356952313763531,0.611834584223868,0.3012395251396648,0.2579660182221128,0.19427573339684806,0.3677284435490041,0.09937010478209234,0.37290998942166503,0.13201663201663202,0.3612588230494091,0.2813840826143368,0
101,101006,2002,0.10346018559755688,0.0663440473465651,0.35997266253665205,0.5556936229434862,0.3903340316573556,0.12918000492489534,0.5533920844746137,0.2844354900410599,0.15341481381259492,0.032177084484582466,0.1840026261078893,0.26582708863169635,0.16539669007489177,0
101,101006,2003,0.19980367741290456,0.2918778406304156,0.42639828920390666,0.661613400268403,0.1616329143389199,0.053459738980546664,0.18119566511849466,0.13876208206880722,0.1865331709737068,0.34202756682507857,0.1226939490097385,0.2723823253410219,0.20577976770162754,0
101,101006,2004,0.22355325704625398,0.11496583069025275,0.5556339425472343,0.3678363735772156,0.30973580074487894,0.1676188131002216,0.15833035607955223,0.3216189334625488,0.11943955862234854,0.38284099341617067,0.10834883466462414,0.07980524690938269,0.15670339175536793,0
101,101006,2005,0.07652945293256863,0.08753228918026355,0.2594854383914989,0.3137829912023461,0.5539164338919925,0.0338094065501108,0.29097693620737564,0.537731758945194,0.08289360934469854,0.35843188025956396,0.2256045519203414,0.19732350501162807,0.15680917992389473,0
101,101006,2006,0.22477118420693853,0.20565346761272604,0.24204678233647126,0.43806849246980467,0.41634660148975783,0.3150701797586802,0.22879202889921002,0.31524317155900133,0.07447496204092063,0.20653014825457475,0.14659153080205709,0.6020345713935998,0.26551896875204184,1
101,101006,2007,0.2663624878434509,0.14190890363927672,0.37412641372164285,0.47184253690541283,0.34631052141527,0.26574735286875156,0.2161486245087531,0.30726071765575985,0.1428614380853591,0.48391935203751363,0.1558813874603348,0.2655142868800065,0.2682819068006235,1
101,101006,2008,0.1409705243449097,0.1873589902887225,0.5691042571485263,0.4229832496644963,0.20588919925512106,0.35951736025609454,0.2747806756381247,0.4459462905817245,0.15033298756746194,0.2627216319055212,0.18151876572929204,0.21070597995348775,0.23106002856280544,0
101,101006,2009,0.06644974232660443,0.22988261452440903,0.45444123547697257,0.3291664595655848,0.13940293296089384,0.11253385865550355,0.20279067921082922,0.31106067175027413,0.21407417429606582,0.27085274010452026,0.1947149578728526,0.31447456105754196,0.16193990609744327,0
101,101006,2010,0.10200594421166483,0.14359284569859074,0.4334310721135828,0.5310900144142353,0.31538058659217877,0.5759172617581876,0.2716446349886864,0.3180740098441764,0.15921766713269894,0.1424917504776039,0.183433636065215,0.19569149587237689,0.20199317355171323,0
101,101003,2000,0.27597865900766205,0.3413824673838407,0.3786679600520293,0.5681196878572493,0.1471426908752328,0.3030288106377739,0.17002103926005316,0.21310346586417075,0.11520016837294608,0.2785259800748378,0.3240398293029872,0.29378884521753323,0.2950120878539625,0
101,101003,2001,0.3342392045299619,0.19705391884380213,0.5799510571220705,0.5037526716039565,0.32620460893854747,0.296601822211278,0.13764836648009207,0.2948407334676494,0.1661931177558292,0.38069374930925054,0.13775030090819565,0.681921418759945,0.39758305149083534,1
101,101003,2002,0.17489070467084153,0.0997940032043946,0.16080601424193652,0.31661613400268407,0.5104457635009311,0.13474513666584587,0.4379540312016196,0.13825202111652343,0.13732918414287648,0.021851366499834213,0.25867162709267977,0.3549211875586503,0.15204248950674704,0
101,101003,2003,0.2795597284204212,0.3628159434980218,0.35525474547498836,0.5266414831751081,0.10463221601489756,0.06616596897315931,0.2537612639434718,0.30448088546581314,0.194575985808566,0.5021867155059444,0.15544370281212386,0.37972772647526826,0.31383927043500714,0
101,101003,2004,0.4314370631595212,0.056730863551646346,0.5523931303600167,0.18728565038023762,0.45431797020484166,0.30659935976360503,0.2818466912786312,0.2584733875698146,0.18498474120176195,0.2838783017825284,0.16205274100010944,0.23971494240367747,0.28432748283275827,0
101,101003,2005,0.16083000827099786,0.04957002256155381,0.24541987257214665,0.2951438938317014,0.8413640595903165,0.13612410736271854,0.1826644436505101,0.203335798627936,0.15455734451810763,0.46699401613590796,0.3358573148046832,0.22744767370697277,0.23447947553959747,0
101,101003,2006,0.3416558355980113,0.2365693359055685,0.17500385810974667,0.5529350365326309,0.45324138733705766,0.49495198227037673,0.2581080544638958,0.2173114687205121,0.10633052210646586,0.13729731436601036,0.14615384615384616,0.9178827401433448,0.40073180521286755,1
101,101003,2007,0.41696736136989543,0.17960958702547167,0.48870125002755793,0.484790496545554,0.4102653631284916,0.3238118689977838,0.2258544718351792,0.33837443574507153,0.15246771599091993,0.4448900326823184,0.24832038516249044,0.444994491969155,0.4259467263228966,1
101,101003,2008,0.17985330340019814,0.24305986986234188,0.6366762935690822,0.37377603260599435,0.18912942271880823,0.3021915784289584,0.28121154380532726,0.5332177195174823,0.19367398788316123,0.3317807916383788,0.24089068825910936,0.2984672714167199,0.3205070364689153,0
101,101003,2009,0.06344128045954027,0.20285779681522415,0.5520844815802818,0.3351558228540186,0.3619064245810056,0.16318640728884512,0.22789885276487631,0.32263905536711635,0.1699815090425292,0.29598812700317345,0.22711456395666924,0.3134409552693495,0.2106460234538593,0
101,101003,2010,0.06425020223044273,0.04683974757218062,0.502039286580392,0.4022565733883394,0.3782588454376164,0.6042354099975376,0.39250129014330504,0.31730891841575065,0.2230791202513568,0.2407755340480288,0.24804683225735857,0.21323559411932708,0.24833772561660503,0
101,101004,2000,0.2573734582769058,0.35125723441127427,0.4009127185343592,0.5669019334957005,0.07716480446927373,0.2901255848313224,0.19538724147512998,0.2031572772946367,0.10625535561268211,0.28253627421570326,0.28092789145420727,0.28698880713731995,0.2722800772875913,0
101,101004,2001,0.3414740554247749,0.21243828270607854,0.5507176084128839,0.4556886525175208,0.2674581005586592,0.2869490273331692,0.15092691834385294,0.3337583841269032,0.11871796028202469,0.32655477840756586,0.13144764197395778,0.6992207156360076,0.37383983049001707,1
101,101004,2002,0.13847104696290774,0.07062747277899488,0.19231023611631648,0.33028480540782346,0.49557728119180633,0.10310268406796354,0.464927950458497,0.19841371043839742,0.09918970519701141,0.01580434816931651,0.2169055695371485,0.29238803737300934,0.11089711478327428,0
101,101004,2003,0.2300428092307972,0.2928587777523461,0.3469873674463722,0.5060639196779164,0.08310055865921788,0.009406550110810145,0.23041959429955142,0.23490857157430314,0.17447646537079634,0.4191073148396672,0.0972097603676551,0.33244026166546536,0.2103068790312293,1
101,101004,2004,0.35194459340319756,0.05316679200863225,0.5085429572962367,0.16104180128236992,0.4118947858472998,0.2572272839202167,0.19628041760946366,0.3328402744127923,0.14385363580330432,0.31488703285599257,0.12980632454316665,0.2522134123951094,0.22312902734001874,0
101,101004,2005,0.11731183479817855,0.06402249615799628,0.22520337749950395,0.23286445648392065,0.7005062849162011,0.09015020930805222,0.15866777817474492,0.22789523348040094,0.13235316225439347,0.3780254827352101,0.3307911150016413,0.2175604183383427,0.16422679738765456,0
101,101004,2006,0.3014460612780964,0.2846679527842266,0.18706320686082145,0.49281773447984495,0.3946112662942272,0.4104161536567348,0.251617641221071,0.23916758052587284,0.09419865000977165,0.14831772897358572,0.1474778422146843,0.8436535244597371,0.3580587248791992,1
101,101004,2007,0.36982267344100783,0.1322793708923258,0.4112083599726625,0.44736318902529953,0.3421787709497207,0.3567347943856193,0.21678377198205706,0.29991583994287313,0.12184488642342792,0.4719674124129656,0.19942006784112049,0.4939275659943696,0.3722281166283443,1
101,101004,2008,0.18312534651845522,0.2812837197135664,0.609515200952402,0.3417167851284855,0.18808193668528864,0.2611672001969958,0.27517764280893964,0.516921272092015,0.16948541018355662,0.2813363436853656,0.23591202538570963,0.28071917202736335,0.29240472064144973,0
101,101004,2009,0.1115312252892577,0.1970048719877056,0.4907736061200644,0.3074705502261544,0.3559706703910614,0.15208076828367395,0.18887697987376442,0.28397643518400445,0.16960567657361056,0.29151996463362645,0.23192909508698986,0.4255191829074243,0.22705563524239492,0
101,101004,2010,0.06594984685020404,0.05234934440702352,0.4063361185211314,0.4032506585814405,0.32637918994413406,0.5083230731346958,0.34510340994799726,0.2536788146183469,0.15795487003713224,0.15712774523580214,0.21053725790567898,0.27035591399311837,0.1761590805141305,0
106,106001,2000,0.24161311725730078,0.33399274106529775,0.36762274300579817,0.4545206024156271,0.06372206703910616,0.29800541738488057,0.23397245047834542,0.3158297416541277,0.1483636254303282,0.37073116819552554,0.22151220045956888,0.3046689061458744,0.2774294719614682,0
106,106001,2001,0.30635412595548206,0.23517967498283365,0.4882823695407747,0.45553953973855565,0.2697858472998138,0.33573011573504064,0.1780596244690564,0.3972099665910076,0.07609855830664924,0.3198920062522696,0.13431447641973956,0.6724013654476465,0.36026471933465465,0
106,106001,2002,0.07622042663806658,0.057564660105287255,0.2799664895610573,0.40392166608678365,0.47710079143389206,0.11366658458507757,0.4855702433408757,0.407334676493841,0.13414212480644633,0.0816584303014036,0.18955027902396326,0.36366603652980456,0.16551181249358263,0
106,106001,2003,0.24341274097234214,0.2873001340614067,0.38733217222601907,0.6125552959888663,0.07649557728119183,0.025240088648116242,0.2950061529911476,0.18119915329881922,0.15103955260902902,0.37428359410770956,0.1425867162709268,0.40850548763073075,0.2543427598888601,1
106,106001,2004,0.19559546640247946,0.06613151097014683,0.41259727948146996,0.18060042745663302,0.43104050279329603,0.23060822457522778,0.21152395696875864,0.32827522888985233,0.13929854628001023,0.45090547389361674,0.16067403435824487,0.4107631002733615,0.23241349483660387,1
106,106001,2005,0.07280295938122028,0.09080207958669849,0.23968782380563947,0.24432128833441027,0.6023335661080074,0.10310268406796354,0.21735937437973876,0.3177679732728061,0.11640283227348579,0.3096294425059602,0.36518218623481785,0.2702199132315141,0.1739033033911331,0
106,106001,2006,0.2193995800877998,0.38253277964882454,0.20838201900394626,0.3744967443709926,0.3272229981378026,0.3408273824181236,0.22134889444642927,0.2941776542296804,0.1578195703483216,0.18084216176958176,0.1832366779735201,0.686572644806811,0.3165679828996537,0
106,106001,2007,0.30628141388618746,0.09103096491514895,0.27092748958310364,0.4182613449972663,0.3999068901303538,0.41910859394237876,0.23996665475765153,0.28645023080258086,0.11404260436867665,0.5575887711764056,0.15800415800415799,0.5920521154918468,0.3611608073504109,1
106,106001,2008,0.18682457304381808,0.3471699964032306,0.6170991423973192,0.3566280630250013,0.19273743016759776,0.246983501600591,0.29458933746179183,0.4938410140011731,0.19078759452186594,0.29677755498365876,0.26163694058430903,0.3512083667668539,0.3389670718768376,0
106,106001,2009,0.20091253646964724,0.1788084883758951,0.4616503891179258,0.3289676425269646,0.37898626629422716,0.17857670524501357,0.15287205748084634,0.25031241233327384,0.21163877989747293,0.33124398061164884,0.26676879308458257,0.6389179779406764,0.32408516569849743,0
106,106001,2010,0.0865273624605764,0.08292188470719027,0.2716550188496219,0.3927382076643968,0.31727188081936686,0.4891406057621276,0.29756659124290413,0.25329626890413404,0.1299779010508276,0.1076306108593713,0.21968486705328816,0.38089733302506495,0.17015093482515398,0
106,106002,2000,0.24148587113603517,0.34844521466174017,0.36182455521506207,0.47562006063919676,0.10556331471135941,0.3193794631864073,0.18909531181771266,0.32388870470021164,0.15765420406199734,0.45812084563525274,0.20329357697778752,0.3015000884004951,0.29633443996054715,0
106,106002,2001,0.3282222807958336,0.20356080175260766,0.5544434401111136,0.375316864655301,0.26428654562383613,0.36242304851021917,0.14364257075939818,0.3841524062125424,0.03825974533591907,0.32723368647078327,0.1354415143888828,0.8210909981095895,0.38478579451581685,1
106,106002,2002,0.05609736146078548,0.045482784553510125,0.2943407041601446,0.368283711914111,0.56223812849162,0.12565870475252403,0.36638085030367984,0.49769197419091576,0.1582555360122672,0.13999715805927027,0.17950541634752162,0.5173332970664636,0.205642865365887,1
106,106002,2003,0.30592694254837627,0.29500049046856097,0.41460349654974754,0.6095233361499081,0.03913524208566109,0.059000246244767296,0.36953673931165887,0.18311188186988347,0.1573836046843759,0.38263574214124446,0.2263157894736842,0.5399366236450924,0.3497014595655839,1
106,106002,2004,0.16029375675995017,0.07355393519275415,0.319892413853921,0.14528555097171827,0.4827164804469273,0.26205368135927115,0.2423087610654599,0.26535921042564586,0.1613824621536704,0.5869870691696797,0.21746361746361748,0.6659957295760858,0.3168137848206424,1
106,106002,2005,0.06240513347209219,0.09845338913775627,0.2362926872285544,0.25766688205179183,0.5964560055865922,0.14863334154149224,0.23057838116787738,0.2590089515697126,0.14206467325125152,0.27678923851777004,0.4667140825035562,0.3539827823035809,0.21989626536650925,1
106,106002,2006,0.19275969569999,0.51533531700618,0.20509711413390946,0.3116954122968339,0.29760242085661076,0.3316424525978823,0.17555873129292204,0.30203259289485096,0.22822050842616398,0.1860365978811753,0.19798665061822956,0.6769301908090686,0.3314281091609442,0
106,106002,2007,0.30926260872726613,0.07137952457247491,0.19821865561410082,0.4043938565535066,0.45015712290502785,0.48970696872691455,0.2561430669683617,0.27145443880543724,0.11118627760489487,0.6201272557904542,0.14950213371266002,0.7631274735138517,0.4098980388740405,1
106,106002,2008,0.20739299964552865,0.44040806984272307,0.6464207764721445,0.34141855957055517,0.16721950651769088,0.18948534843634576,0.3017744432535429,0.4843538802886945,0.23558682481696963,0.31725531679744856,0.3088849983586826,0.4418528743760965,0.40344496059390716,1
106,106002,2009,0.29527462439671703,0.14408331425955595,0.49311051830948655,0.3504895869576023,0.4913582402234637,0.21595666092095547,0.10888809495454725,0.20846191119838822,0.22295885386130282,0.3787043907984275,0.31553780501148926,0.8522215724408057,0.43602460508343255,1
106,106002,2010,0.10114248838879143,0.07098714972370272,0.19405189708767828,0.3437795119041702,0.346514199255121,0.4142083230731347,0.3101504505577388,0.2236872306240596,0.1357055878771479,0.0858266100383662,0.2343801291169712,0.4939955663751717,0.17476205440623271,1
106,106003,2000,0.24203121165574473,0.36847268090115426,0.3696950990983046,0.5168248918932353,0.1409741620111732,0.335089879340064,0.14582589019888054,0.3132029277498661,0.16350215727837164,0.5090547389361669,0.20198052303315464,0.29490405146268817,0.3136463625982819,0
106,106003,2001,0.3552439035474401,0.17151685576954517,0.6267113472519236,0.29029772851533375,0.262191573556797,0.3766559960600837,0.10337025128021911,0.37247201040524347,0.010237676453344162,0.34218545242117565,0.135529051318525,0.9493125161500905,0.40783205817104706,1
106,106003,2002,0.05128018687001809,0.03542817905372266,0.29169514319098744,0.3143297380585517,0.6478701117318435,0.13287367643437575,0.26438013576277236,0.5416082221825508,0.16947037688479988,0.17850545494734513,0.17382645803698438,0.638645976417468,0.23043152238508754,1
106,106003,2003,0.3671868609290785,0.2908969035084851,0.43715690381181244,0.5789303643322233,0.012104283054003715,0.08643191332184191,0.42771227819459323,0.20030093596184742,0.1716953051007983,0.4081816315897501,0.29382864646022544,0.6156346475540263,0.4255453535658391,1
106,106003,2004,0.16163893004190033,0.07262204492692019,0.25655327498401637,0.10882747651473731,0.5225209497206703,0.3046540261019453,0.2635862014211425,0.231134120527403,0.1811061501225214,0.6999226360579124,0.2568114673377831,0.8672632566742373,0.3959651147957199,1
106,106003,2005,0.061287185406687684,0.09582120786057614,0.22923785797746862,0.26196630051195385,0.615107076350093,0.18874661413444965,0.23724742963756895,0.20300425900895155,0.17171033839955502,0.2646320476182958,0.5641317430791114,0.43051041085830083,0.2687766220593223,0
106,106003,2006,0.18205284349635983,0.6152437628747998,0.1971824775678476,0.2789651573139818,0.29038640595903165,0.3320364442255602,0.1404668333928784,0.30547550432276654,0.28085208737353246,0.18660498602712472,0.20407046722836197,0.7012063267554299,0.35404188589190316,0
106,106003,2007,0.32153277042073025,0.059297649020697785,0.16137921911858727,0.3843630399125205,0.4740747206703911,0.517557251908397,0.26342741455281643,0.2748208410905103,0.116508065364783,0.6542779102262501,0.14638363059415688,0.8687728651280447,0.44282927345308126,0
106,106003,2008,0.21805440680584967,0.5045286597129125,0.6375581472254679,0.3182315224414733,0.14856843575418996,0.14708199950751044,0.2996705172482235,0.47836066409935984,0.26290232865797747,0.31420812479277516,0.35731480468322574,0.5138652776455548,0.4420296393556878,0
106,106003,2009,0.36531452514474244,0.11705849655037112,0.5409069864855928,0.3643570754013619,0.5654096834264432,0.22770253632110316,0.08582430233019728,0.18415750682206525,0.22092935852914208,0.4055291535753194,0.35089178247072983,0.958098165349726,0.5052940755514208,1
106,106003,2010,0.10817738109304417,0.05288885982408528,0.15963755814722544,0.30056165813410207,0.3571345437616387,0.35104654026101945,0.330435472986384,0.19346611920124457,0.14071167636314436,0.08476877654451584,0.2530583214793742,0.577391233390907,0.18132714368833566,1
111,111001,2000,0.23548712541923056,0.381077722917961,0.3823717454088494,0.5523634375465978,0.146618947858473,0.3327505540507264,0.13203128101306022,0.2942031572772947,0.1849095747079782,0.5179752751156512,0.25371484845169057,0.31420255953433335,0.3411761777490145,0
111,111001,2001,0.36473282859038564,0.15193081123499982,0.6442602350139994,0.22113425120532829,0.27109520484171323,0.3668800787983255,0.09084593704100669,0.37247201040524347,0.0,0.34941661272242136,0.15111062479483536,1.0,0.41425402228396657,1
111,111001,2002,0.05312525562836862,0.02893764509694929,0.2807381115103948,0.2671106913862519,0.6865107076350093,0.13284905195764588,0.21493787463776742,0.5464027951340185,0.16544145281799189,0.19767276631352923,0.18708830287777659,0.6954670946157299,0.239047035286577,0
111,111001,2003,0.39752597184225114,0.2701010365235589,0.44299918428536783,0.5309657537650977,0.0034043296089385526,0.11236148731839449,0.4537533246000555,0.21384305424498226,0.181782648566575,0.44511107251685433,0.33220264799212174,0.6479756286635207,0.46255565546660354,1
111,111001,2004,0.16338401970497077,0.06158650230520224,0.21246059216473026,0.08134102092549332,0.5212988826815643,0.32780103422802265,0.26836965582946287,0.22748718471857382,0.19227589109878382,0.7746814658098742,0.2771856877120035,0.9537053407499082,0.4305111746531548,0
111,111001,2005,0.0616507457531607,0.08547232122420953,0.2262616018871668,0.245489338436304,0.6102479050279328,0.2276040384141837,0.2396689293795403,0.173650251205019,0.19072746132683896,0.2744367431359237,0.6180216653900864,0.5022916128330319,0.3032604535823296,0
111,111001,2006,0.17168228461321722,0.6393748160742897,0.18201459467801318,0.25294497738456184,0.31252909683426444,0.33937453829106135,0.13099916636894127,0.3108821504169748,0.30246997098573347,0.1822789206940651,0.21414815625341946,0.7105087788491615,0.3607781030936817,0
111,111001,2007,0.3183879734237387,0.050322074355033844,0.15092925329041645,0.35014165714001694,0.45728584729981386,0.48655503570549125,0.2606684927156524,0.2990997424192191,0.14009531111411777,0.6473940982364179,0.14653682022103076,0.8541527832555862,0.43132947725087667,0
111,111001,2008,0.2135553475182462,0.5117385475591014,0.5706475010472013,0.29636164819325017,0.15639548417132215,0.1502831814823935,0.282025326505498,0.456096503532172,0.25052992378117533,0.2807995326586356,0.4601050443155707,0.6063593956126155,0.4666876168725906,0
111,111001,2009,0.4110140606963999,0.10196841382467384,0.5973676668356886,0.37151448879168947,0.5665444599627559,0.21339571534104898,0.09376364574649675,0.18767692739282343,0.2048286955606669,0.40690275826136385,0.3930845825582668,0.9447292904840268,0.532795887951661,1
111,111001,2010,0.11073139252701708,0.04257267109178302,0.15189929231244076,0.26554500720711766,0.3513442737430168,0.32019207091849294,0.3501448930173474,0.16865165387263775,0.13999007802282057,0.11847735131123986,0.29561221140168514,0.6488596336139483,0.2052508268589937,1
111,111002,2000,0.22670714305190734,0.37009122715233955,0.40726206486033645,0.5894179631194393,0.11472881750465551,0.2887219896577198,0.14481362391330238,0.2437326260488128,0.23031013695335173,0.47630926630563497,0.4294124083597768,0.40295665655727675,0.4025644296617578,0
111,111002,2001,0.35278078220008546,0.14163097145472975,0.5940607156242422,0.17011282866941693,0.29236499068901306,0.30115735040630387,0.13173355563494898,0.36255132488332353,0.018054991806852185,0.33910668329728283,0.2034358244884561,0.9451372927688396,0.3979377529970721,0
111,111002,2002,0.05892404315461312,0.02807115063924403,0.26374038228356006,0.23137332869426908,0.6470844972067039,0.1294508741689239,0.18967091421539437,0.4938410140011731,0.14633413009816745,0.2026303740309771,0.2446219498851078,0.6972759047450666,0.23277753059300485,0
111,111002,2003,0.37161320814738735,0.23990452212013214,0.4207323794616283,0.4428401013966897,0.003287942271880806,0.1573257818271362,0.4357508634035965,0.2109612098645788,0.1829552458696012,0.488908536874181,0.3607506291716818,0.6687429449604918,0.457988095719624,1
111,111002,2004,0.14981412977286565,0.04791877840630416,0.16667034105690162,0.06334807893036434,0.444570530726257,0.3058113765082492,0.25824699297368103,0.22486037081431226,0.20013830634856208,0.8111688270679066,0.29161833898676004,0.9038746616981056,0.4031804901725902,0
111,111002,2005,0.061141761268098484,0.07175555046921493,0.23325029211402365,0.1968537203638352,0.558455540037244,0.29285890174833784,0.23339684808066372,0.15610415444645637,0.19356875479186403,0.3129292514643889,0.6068497647445015,0.607270600715364,0.32396382044636385,0
111,111002,2006,0.15544931514319732,0.5834614001242521,0.16281223131021408,0.20577563497191712,0.384631052141527,0.36153656734794387,0.15777460204041127,0.32521486317614956,0.29982411040454615,0.17683186762871622,0.24138308348834667,0.6759509853255178,0.35064421883216085,0
111,111002,2007,0.2865128200467175,0.04445280057548311,0.1585793337595626,0.2961876832844575,0.38655144320297957,0.38933760157596653,0.2564407923464729,0.333605365841218,0.192561523775162,0.5896711243033298,0.15550935550935552,0.7349617157856084,0.37209743712604654,0
111,111002,2008,0.19462294247566417,0.4460321093417912,0.4516413501179479,0.26251304736815945,0.20091364059590316,0.21268160551588278,0.24413481005120874,0.4145520389686568,0.19801861122386086,0.23310229407771127,0.6676769887296202,0.7503434019230508,0.5000046671250821,0
111,111002,2009,0.4290284758641375,0.09065493901840893,0.6394320862452876,0.3653760127242905,0.49432611731843573,0.18453582861364196,0.13604064943829142,0.212593404911887,0.1740104331093372,0.39041950202882997,0.4720210088631142,0.8550639883583349,0.5325843116146074,0
111,111002,2010,0.11267644038064768,0.045629925121799704,0.14993716792698253,0.2256324867041105,0.3434881284916201,0.3047525240088648,0.3795800087332777,0.14960087730483793,0.14514649949638453,0.1937414149707122,0.37661669766932926,0.7340369106066995,0.2591374530565002,0
111,111003,2000,0.21912690982794505,0.3329791060393029,0.4344011111356071,0.6127541130274865,0.06258729050279331,0.20869244028564393,0.15926322893096742,0.15934304149345843,0.2887445692208242,0.3852408544768461,0.6845278476857424,0.5352717975220661,0.4728948932317351,0
111,111003,2001,0.327840542432037,0.12896053362979432,0.5036927621861153,0.1332819722650231,0.3215491154562384,0.1880571287860133,0.21733952602119802,0.32299609803371504,0.06390655301492808,0.3115398582187347,0.26404420614946933,0.8221790042024235,0.3602056024169485,1
111,111003,2002,0.06351399252883487,0.030801425628617214,0.23565334332767476,0.19976141955365573,0.5506866852886405,0.13063284905195766,0.16628954785439243,0.3785162326898064,0.11895849306213263,0.1968833383330439,0.3274209432104169,0.6609229011682466,0.20748171264822013,0
111,111003,2003,0.29164810994064877,0.20647091521433478,0.36462444057408666,0.30886226949649587,0.0018912942271880984,0.21585816301403593,0.3852764876344726,0.18951314682104511,0.17620529472782215,0.5140123466536148,0.3830616041142357,0.6789022018523303,0.40850101276614276,1
111,111003,2004,0.12433763849376947,0.037406402249615806,0.11027579973103462,0.05020130225160297,0.30798999068901306,0.2363457276532874,0.23637410186177601,0.19841371043839742,0.2141643740886063,0.8024061764845193,0.29634533318743844,0.7413809517333297,0.3181672510944408,0
111,111003,2005,0.05946938367432263,0.055635483765490636,0.2421129213607002,0.12304289477608231,0.4877502327746741,0.3736518098990396,0.21616847286729385,0.13327892683175638,0.17906162149160393,0.36334212229818275,0.5272896378159536,0.7347305144908812,0.3229681670955237,0
111,111003,2006,0.13659871117857175,0.48551482849949323,0.15057651182786214,0.14078731547293602,0.4974685754189945,0.3978576705245014,0.20884442856575758,0.3450562342199893,0.2837234474360709,0.17755814137076273,0.26626545573914,0.5804648506031634,0.32480079154441394,0
111,111003,2007,0.23718677003899188,0.03745544910571233,0.16199651667805728,0.23778517818977088,0.30924115456238355,0.2819502585570057,0.26604739788019527,0.35380377955165637,0.24937235977690586,0.5113756571987937,0.15353977459240617,0.5966081410055897,0.2932976972404845,0
111,111003,2008,0.1681739272697527,0.3480855377170324,0.335082343085165,0.2167105720960286,0.2538116852886406,0.30054173848805715,0.21837164066531697,0.3927979393537528,0.14364316962070992,0.19751488071743217,0.9021446547762336,0.8534999795998859,0.5321891616909927,0
111,111003,2009,0.4144860620052171,0.0741751953699768,0.6271963667629357,0.3369451762016005,0.4196345437616388,0.16850529426249694,0.18965106585685365,0.23108311443217466,0.14122280852087374,0.3731941834946398,0.5555531239741766,0.7426865590447307,0.5076960892603228,1
111,111003,2010,0.10935895221908146,0.04909590295262074,0.135761370400582,0.17766787613698495,0.3460486499068901,0.30128047278995324,0.4261045611527926,0.13623728035500238,0.1615177618424811,0.26816868497087015,0.43997155049786635,0.7917556338315495,0.3054291110371285,0
111,111004,2000,0.21912690982794505,0.3329791060393029,0.4344011111356071,0.6127541130274865,0.06258729050279331,0.20869244028564393,0.15926322893096742,0.15934304149345843,0.2887445692208242,0.3852408544768461,0.6845278476857424,0.5352717975220661,0.4728948932317351,0
111,111004,2001,0.327840542432037,0.12896053362979432,0.5036927621861153,0.1332819722650231,0.3215491154562384,0.1880571287860133,0.21733952602119802,0.32299609803371504,0.06390655301492808,0.3115398582187347,0.26404420614946933,0.8221790042024235,0.3602056024169485,0
111,111004,2002,0.06351399252883487,0.030801425628617214,0.23565334332767476,0.19976141955365573,0.5506866852886405,0.13063284905195766,0.16628954785439243,0.3785162326898064,0.11895849306213263,0.1968833383330439,0.3274209432104169,0.6609229011682466,0.20748171264822013,0
111,111004,2003,0.29164810994064877,0.20647091521433478,0.36462444057408666,0.30886226949649587,0.0018912942271880984,0.21585816301403593,0.3852764876344726,0.18951314682104511,0.17620529472782215,0.5140123466536148,0.3830616041142357,0.6789022018523303,0.40850101276614276,1
111,111004,2004,0.12433763849376947,0.037406402249615806,0.11027579973103462,0.05020130225160297,0.30798999068901306,0.2363457276532874,0.23637410186177601,0.19841371043839742,0.2141643740886063,0.8024061764845193,0.29634533318743844,0.7413809517333297,0.3181672510944408,0
111,111004,2005,0.05946938367432263,0.055635483765490636,0.2421129213607002,0.12304289477608231,0.4877502327746741,0.3736518098990396,0.21616847286729385,0.13327892683175638,0.17906162149160393,0.36334212229818275,0.5272896378159536,0.7347305144908812,0.3229681670955237,0
111,111004,2006,0.13659871117857175,0.48551482849949323,0.15057651182786214,0.14078731547293602,0.4974685754189945,0.3978576705245014,0.20884442856575758,0.3450562342199893,0.2837234474360709,0.17755814137076273,0.26626545573914,0.5804648506031634,0.32480079154441394,0
111,111004,2007,0.23718677003899188,0.03745544910571233,0.16199651667805728,0.23778517818977088,0.30924115456238355,0.2819502585570057,0.26604739788019527,0.35380377955165637,0.24937235977690586,0.5113756571987937,0.15353977459240617,0.5966081410055897,0.2932976972404845,0
111,111004,2008,0.1681739272697527,0.3480855377170324,0.335082343085165,0.2167105720960286,0.2538116852886406,0.30054173848805715,0.21837164066531697,0.3927979393537528,0.14364316962070992,0.19751488071743217,0.9021446547762336,0.8534999795998859,0.5321891616909927,0
111,111004,2009,0.4144860620052171,0.0741751953699768,0.6271963667629357,0.3369451762016005,0.4196345437616388,0.16850529426249694,0.18965106585685365,0.23108311443217466,0.14122280852087374,0.3731941834946398,0.5555531239741766,0.7426865590447307,0.5076960892603228,0
111,111004,2010,0.10935895221908146,0.04909590295262074,0.135761370400582,0.17766787613698495,0.3460486499068901,0.30128047278995324,0.4261045611527926,0.13623728035500238,0.1615177618424811,0.26816868497087015,0.43997155049786635,0.7917556338315495,0.3054291110371285,0
111,111005,2000,0.2007489343137344,0.3266520616028513,0.4455565598888865,0.6334559371738159,0.05828095903165736,0.17554789460723957,0.1324679449009567,0.11065772359796995,0.27742449525699425,0.36211061464862565,0.7146296093664514,0.5502046811462145,0.45985494575244945,0
111,111005,2001,0.2903211146760223,0.1210312918941896,0.4766419012764831,0.1776430240071574,0.27505237430167595,0.13408027579413936,0.18979000436663887,0.2574277626176328,0.07663975706189212,0.31730268247627763,0.2716380347959295,0.6582572862408029,0.2919006711325867,1
111,111005,2002,0.06643156430928078,0.04664356014779453,0.2188319848321171,0.23460410557184752,0.4609520484171323,0.11201674464417631,0.10737961970545033,0.30404733365637193,0.11384717148483896,0.20872475804032395,0.37223985118721964,0.6026737749731399,0.18391273098379887,0
111,111005,2003,0.24070421639111825,0.19152797305692704,0.357812121078507,0.2707639544708982,0.016527001862197414,0.22861364196010833,0.3118574093922432,0.18012802529902322,0.13666771899757965,0.567851334922715,0.3757303862567021,0.5642263596676141,0.34711898368684213,1
111,111005,2004,0.11713914363360388,0.060393028806853495,0.11523622654820431,0.08802624384909785,0.22814827746741156,0.18603792169416403,0.22289706641260768,0.16304098339751602,0.20773012222071893,0.7435306376999227,0.286705328810592,0.6030409770294713,0.2568567845997318,0
111,111005,2005,0.05891495414595129,0.0592159042605369,0.2367115677153376,0.1349470649634674,0.4027874767225326,0.3322826889928589,0.1710928506212536,0.11341205274030246,0.1588418346637803,0.38746704138181476,0.4970675128569866,0.7413673516571693,0.293873309333939,0
111,111005,2006,0.13297219672250346,0.4138083248863748,0.17815648493132563,0.15952582136289079,0.5142574487895717,0.3368382171878848,0.18123536183557618,0.2607176557598633,0.2598054691140877,0.19112051407550087,0.27904584746690014,0.49603557779923574,0.2776690510490141,0
111,111005,2007,0.217672668442053,0.04281790537226564,0.1873498092991468,0.24367513295889462,0.2406890130353818,0.2092834277271608,0.23899408518915483,0.348779679171661,0.2562726439062524,0.49637652556957224,0.17608053397527085,0.5069292388037373,0.2549525975662498,0
111,111005,2008,0.1529861937958427,0.31530588889252203,0.3071275821777376,0.2144490282817237,0.2586999534450652,0.29029795616843146,0.1801833988329165,0.33442146336487205,0.1231076835189946,0.2020146202061986,0.9032607506291717,0.9153803261298264,0.51375090620012,1
111,111005,2009,0.3801841433154886,0.08496550371121211,0.6451200423289755,0.34663750683433575,0.3704317970204841,0.13021423294754986,0.17964749315231626,0.2607686618550917,0.11880816007456517,0.3304229755119441,0.5767261188313819,0.6792558038325015,0.4721388189684409,1
111,111005,2010,0.10406914917789917,0.054540103979334925,0.1339756167464009,0.17548088871216266,0.30473114525139666,0.2807929081507018,0.379242586638085,0.132819871974701,0.13516438912190504,0.2942355968864961,0.5139840245103403,0.7887908172285766,0.3094148358572108,1
111,111006,2000,0.2007489343137344,0.3266520616028513,0.4455565598888865,0.6334559371738159,0.05828095903165736,0.17554789460723957,0.1324679449009567,0.11065772359796995,0.27742449525699425,0.36211061464862565,0.7146296093664514,0.5502046811462145,0.45985494575244945,0
111,111006,2001,0.2903211146760223,0.1210312918941896,0.4766419012764831,0.1776430240071574,0.27505237430167595,0.13408027579413936,0.18979000436663887,0.2574277626176328,0.07663975706189212,0.31730268247627763,0.2716380347959295,0.6582572862408029,0.2919006711325867,1
111,111006,2002,0.06643156430928078,0.04664356014779453,0.2188319848321171,0.23460410557184752,0.4609520484171323,0.11201674464417631,0.10737961970545033,0.30404733365637193,0.11384717148483896,0.20872475804032395,0.37223985118721964,0.6026737749731399,0.18391273098379887,0
111,111006,2003,0.24070421639111825,0.19152797305692704,0.357812121078507,0.2707639544708982,0.016527001862197414,0.22861364196010833,0.3118574093922432,0.18012802529902322,0.13666771899757965,0.567851334922715,0.3757303862567021,0.5642263596676141,0.34711898368684213,1
111,111006,2004,0.11713914363360388,0.060393028806853495,0.11523622654820431,0.08802624384909785,0.22814827746741156,0.18603792169416403,0.22289706641260768,0.16304098339751602,0.20773012222071893,0.7435306376999227,0.286705328810592,0.6030409770294713,0.2568567845997318,0
111,111006,2005,0.05891495414595129,0.0592159042605369,0.2367115677153376,0.1349470649634674,0.4027874767225326,0.3322826889928589,0.1710928506212536,0.11341205274030246,0.1588418346637803,0.38746704138181476,0.4970675128569866,0.7413673516571693,0.293873309333939,0
111,111006,2006,0.13297219672250346,0.4138083248863748,0.17815648493132563,0.15952582136289079,0.5142574487895717,0.3368382171878848,0.18123536183557618,0.2607176557598633,0.2598054691140877,0.19112051407550087,0.27904584746690014,0.49603557779923574,0.2776690510490141,0
111,111006,2007,0.217672668442053,0.04281790537226564,0.1873498092991468,0.24367513295889462,0.2406890130353818,0.2092834277271608,0.23899408518915483,0.348779679171661,0.2562726439062524,0.49637652556957224,0.17608053397527085,0.5069292388037373,0.2549525975662498,0
111,111006,2008,0.1529861937958427,0.31530588889252203,0.3071275821777376,0.2144490282817237,0.2586999534450652,0.29029795616843146,0.1801833988329165,0.33442146336487205,0.1231076835189946,0.2020146202061986,0.9032607506291717,0.9153803261298264,0.51375090620012,1
111,111006,2009,0.3801841433154886,0.08496550371121211,0.6451200423289755,0.34663750683433575,0.3704317970204841,0.13021423294754986,0.17964749315231626,0.2607686618550917,0.11880816007456517,0.3304229755119441,0.5767261188313819,0.6792558038325015,0.4721388189684409,1
111,111006,2010,0.10406914917789917,0.054540103979334925,0.1339756167464009,0.17548088871216266,0.30473114525139666,0.2807929081507018,0.379242586638085,0.132819871974701,0.13516438912190504,0.2942355968864961,0.5139840245103403,0.7887908172285766,0.3094148358572108,1
111,111007,2000,0.18584296010834098,0.29392145963443744,0.4617385744835644,0.6073612008549133,0.022113594040968326,0.12989411475006157,0.13248779325949742,0.04957792456198515,0.29588538613027865,0.2816521148775597,0.8634314476419739,0.6213602796175659,0.47700818613739393,0
111,111007,2001,0.26106359579360683,0.10002288853284505,0.42545029652329197,0.1307222028927879,0.28383961824953446,0.05646392514159074,0.23820015084752486,0.2079263471984902,0.11459883642267626,0.29199362142191765,0.276288434183171,0.5900801044485849,0.2460695028267221,1
111,111007,2002,0.056015560382829045,0.03479056992446784,0.1746070239643731,0.18430339480093444,0.386318668528864,0.11955183452351638,0.09058790837997696,0.2066001887225523,0.07017543859649124,0.18415775928762018,0.42458693511325096,0.5639407580682452,0.13613381581035297,1
111,111007,2003,0.16478372703889185,0.14861197397246836,0.3062677748627615,0.149758934340673,0.01059124767225326,0.24257572026594437,0.27696399507760705,0.15559409349417253,0.10454155955441302,0.5321060359663389,0.37522704891125946,0.552965496606781,0.26679153819108453,1
111,111007,2004,0.08546394844714288,0.037079423208972305,0.05670319010560197,0.055022615438143054,0.14138151769087523,0.13166707707461217,0.18875788972251992,0.12455688454770346,0.21801289857033332,0.6953281652114878,0.27132071342597663,0.45741136150362444,0.15792928994358998,0
111,111007,2005,0.05246175799605537,0.03709577216100448,0.2252695165237329,0.05971966797554551,0.3507041433891992,0.35446934252647133,0.13925608352189273,0.061615363035882775,0.13042890001353,0.3941613906563305,0.42325199693620746,0.8176501788410016,0.25424630597049747,0
111,111007,2006,0.11304908973578251,0.32912075335970964,0.16444366057452767,0.09958248421889757,0.5847008845437616,0.357178034966757,0.20332658489142946,0.23467904414577545,0.23181346682902634,0.18837330470341188,0.26907757960389544,0.3899277835955881,0.2222329393242625,0
111,111007,2007,0.1804804449978641,0.03305758100905732,0.17346061421107167,0.2072170585019136,0.22189245810055866,0.16542723467126325,0.24197133897026712,0.332534237841422,0.2643154587411116,0.4584839825062759,0.14980851296640774,0.4233703708740769,0.1923788958826623,0
111,111007,2008,0.12911845704988956,0.26328352352614204,0.2287528384664565,0.17341816193647797,0.27650721601489753,0.3149716818517606,0.1781390179032194,0.31988472622478387,0.09281558652415102,0.18351042834362222,1.0,0.9091242910960302,0.49857030401652774,1
111,111007,2009,0.35339883478908957,0.06505248013602329,0.5803037985846249,0.3032208360256474,0.347590782122905,0.12371337109086432,0.19042515183994282,0.23353140700313685,0.09597257926306771,0.29990368978638077,0.6069701280227595,0.5596023337730691,0.41019051204584983,1
111,111007,2010,0.08926315406778582,0.04445280057548311,0.10225093145792453,0.13333167652467817,0.27912593109869643,0.2969711893622261,0.3911516017625342,0.12399581750019129,0.13839654835460546,0.3227813126608459,0.5231754021227706,0.7757619442668879,0.29869289383534997,1
103,103001,2000,0.1541859429392036,0.26279305496517674,0.47567186225445884,0.5442864953526517,0.09532122905027934,0.15582368874661415,0.10591084117343494,0.058146948560352955,0.2792585577053173,0.3059033424380694,0.8173870226501806,0.5982945504494825,0.44526551274591863,0
103,103001,2001,0.22769784499604626,0.08145047902429454,0.42020326726779694,0.19369749987573934,0.2350442271880819,0.03666584585077569,0.19764995434877536,0.179694473489582,0.14553736526405991,0.33099136365789344,0.2605755553123974,0.4576017625698704,0.20004853810085338,0
103,103001,2002,0.050298573934540965,0.041722525586109935,0.14001631429264313,0.22990705303444503,0.278893156424581,0.1326028071903472,0.057123575880274696,0.14317410930606203,0.098858972624363,0.20703538216208534,0.430977130977131,0.4922003563219954,0.1093538520894719,1
103,103001,2003,0.11229470201685102,0.13090605892162313,0.29967591878127825,0.11777424325264677,0.02938780260707633,0.24279734055651322,0.22099162399269578,0.21185381653107543,0.1036846615252785,0.6421996621248244,0.35729292045081523,0.4370928477199472,0.23055286763722116,0
103,103001,2004,0.07475709624351272,0.05581532223784456,0.08033686809673934,0.09254933147770765,0.10856028864059591,0.14144299433637036,0.16136715493628678,0.13776746321185385,0.2411491453569657,0.6097225950076575,0.2356275303643725,0.32335541079030045,0.1080097200658376,1
103,103001,2005,0.05559746598438508,0.037014027400843606,0.1931259507484733,0.07135046473482778,0.375407355679702,0.3074365919724206,0.11011869318407365,0.072658182652827,0.11094574482478693,0.4060028103636106,0.3851734325418536,0.7859756014633682,0.22593241380597823,0
103,103001,2006,0.10905901493324123,0.2406892718176765,0.20772062876165698,0.10905114568318505,0.5773975791433892,0.3004924895345974,0.1670834821960224,0.14437275254392903,0.20162660292547996,0.21095094494529265,0.2415362731152205,0.2986032721783242,0.1561620052458486,1
103,103001,2007,0.15663997527789644,0.037717032338227124,0.19405189708767828,0.23537452159650085,0.18037127560521413,0.11982270376754495,0.2207534436902068,0.29425416337252297,0.25606217772365797,0.4409744698991111,0.15442608600503338,0.3287682411021502,0.14785141118305398,0
103,103001,2008,0.1098770257128055,0.20313572899977111,0.19182521660530436,0.1719270341468264,0.2744995344506517,0.29753755232701307,0.15072843475844547,0.23990716890668431,0.08686240021647951,0.20272510538863536,0.8836962468541415,0.8816249370996478,0.4218614361677302,0
103,103001,2009,0.29152995282804506,0.07097080077167055,0.5462422011067264,0.30625279586460563,0.3408403165735568,0.07451366658458507,0.17726569012742646,0.27265308204330413,0.08457733880545412,0.24450163411591963,0.5843199474778422,0.45081532456581763,0.3368699770066304,1
103,103001,2010,0.08097397816820118,0.04445280057548311,0.09568112171785093,0.13375416273174612,0.19195181564245814,0.2750307805959123,0.31088483982374654,0.13261584759378744,0.10385002781160273,0.34763250548652447,0.5717583980741875,0.7119367868460064,0.2683223552180014,0
103,103002,2000,0.13184515964843715,0.23450936794951444,0.43693644039771595,0.48068989512401217,0.11135358472998136,0.16885003693671508,0.09973800166726211,0.06743005789191808,0.26986274598235094,0.2637320997205425,0.8127256811467338,0.5809544533449388,0.4067897335693861,0
103,103002,2001,0.21757268934677293,0.06716149494817383,0.4199387111708812,0.15105124509170434,0.22363826815642457,0.025437084461955195,0.20749474018498668,0.1458009232103236,0.16069093041086008,0.31962360073890456,0.22094321041689466,0.469420228753281,0.17558346842067601,0
103,103002,2002,0.03414740554247748,0.02267599646862636,0.09841486805264665,0.1873602067697202,0.2811918063314711,0.13573011573504062,0.04680242943908538,0.09828874550508787,0.05757753423833794,0.18739441400761006,0.42356931830616046,0.4633953950142121,0.06144425741372819,0
103,103002,2003,0.08373703680139606,0.10375044959618089,0.2648206530126325,0.07177295094189573,0.04774790502793295,0.21056390051711404,0.21493787463776742,0.1871668664405396,0.08259294336956359,0.573882564693623,0.34464383411751837,0.4240639747582587,0.17445091273409516,0
103,103002,2004,0.0534797269661798,0.03647451198378184,0.03842677307700787,0.06411849495501766,0.11507797951582867,0.13676434375769514,0.1299869000833631,0.1095355895029456,0.23922488311610218,0.5392898305887553,0.2085457927563191,0.2585374478097077,0.04250506383071401,0
103,103002,2005,0.0445179644256201,0.01978223195893143,0.1677506117859741,0.02606988418907501,0.3748254189944134,0.2905934498891899,0.08957564209439878,0.04371222361072148,0.08783956463566803,0.3869460189146944,0.34243352664405297,0.7938228454079342,0.1817689648627709,0
103,103002,2006,0.09722512565554475,0.21389333943694214,0.2056703190105602,0.09411501565684179,0.5571461824953444,0.3207338094065501,0.16001746655551585,0.12506694549998723,0.18987056329770444,0.19947266210903578,0.19711128132180764,0.22728447279304767,0.10813728815141396,0
103,103002,2007,0.14768730174599853,0.025013896609227346,0.17079300690050483,0.24486803519061584,0.20420158286778395,0.15343511450381678,0.22176570997578496,0.256509652903522,0.2228836873675191,0.4344380062206925,0.1091257249151986,0.29113683036625004,0.11298176398659597,0
103,103002,2008,0.09913381747452804,0.1904162443187392,0.1593950483917194,0.14762165117550574,0.27938780260707635,0.30916030534351147,0.17871462030090107,0.22299864833847644,0.08352500789248186,0.21562435858976584,0.8488127803917277,0.7756939438860858,0.3801560064344097,0
103,103002,2009,0.2655535660725485,0.05238204231108786,0.48658480125223214,0.2754113027486456,0.3682786312849162,0.06530411228761389,0.15807232741852245,0.22077988319604192,0.07654955726935164,0.21592434122235027,0.5633439107123317,0.32765303485699526,0.263160514877239,1
103,103002,2010,0.0681312089290421,0.027351796749828333,0.06644767300866421,0.11193399274317808,0.16055633147113596,0.3017483378478208,0.2858759080624032,0.12965749407054145,0.10177543258317176,0.36173168921799265,0.5346646241383084,0.657427681595017,0.2288727026076784,0
103,103003,2000,0.1541859429392036,0.26279305496517674,0.47567186225445884,0.5442864953526517,0.09532122905027934,0.15582368874661415,0.10591084117343494,0.058146948560352955,0.2792585577053173,0.3059033424380694,0.8173870226501806,0.5982945504494825,0.44526551274591863,0
103,103003,2001,0.22769784499604626,0.08145047902429454,0.42020326726779694,0.19369749987573934,0.2350442271880819,0.03666584585077569,0.19764995434877536,0.179694473489582,0.14553736526405991,0.33099136365789344,0.2605755553123974,0.4576017625698704,0.20004853810085338,1
103,103003,2002,0.050298573934540965,0.041722525586109935,0.14001631429264313,0.22990705303444503,0.278893156424581,0.1326028071903472,0.057123575880274696,0.14317410930606203,0.098858972624363,0.20703538216208534,0.430977130977131,0.4922003563219954,0.1093538520894719,1
103,103003,2003,0.11229470201685102,0.13090605892162313,0.29967591878127825,0.11777424325264677,0.02938780260707633,0.24279734055651322,0.22099162399269578,0.21185381653107543,0.1036846615252785,0.6421996621248244,0.35729292045081523,0.4370928477199472,0.23055286763722116,1
103,103003,2004,0.07475709624351272,0.05581532223784456,0.08033686809673934,0.09254933147770765,0.10856028864059591,0.14144299433637036,0.16136715493628678,0.13776746321185385,0.2411491453569657,0.6097225950076575,0.2356275303643725,0.32335541079030045,0.1080097200658376,1
103,103003,2005,0.05559746598438508,0.037014027400843606,0.1931259507484733,0.07135046473482778,0.375407355679702,0.3074365919724206,0.11011869318407365,0.072658182652827,0.11094574482478693,0.4060028103636106,0.3851734325418536,0.7859756014633682,0.22593241380597823,1
103,103003,2006,0.10905901493324123,0.2406892718176765,0.20772062876165698,0.10905114568318505,0.5773975791433892,0.3004924895345974,0.1670834821960224,0.14437275254392903,0.20162660292547996,0.21095094494529265,0.2415362731152205,0.2986032721783242,0.1561620052458486,1
103,103003,2007,0.15663997527789644,0.037717032338227124,0.19405189708767828,0.23537452159650085,0.18037127560521413,0.11982270376754495,0.2207534436902068,0.29425416337252297,0.25606217772365797,0.4409744698991111,0.15442608600503338,0.3287682411021502,0.14785141118305398,1
103,103003,2008,0.1098770257128055,0.20313572899977111,0.19182521660530436,0.1719270341468264,0.2744995344506517,0.29753755232701307,0.15072843475844547,0.23990716890668431,0.08686240021647951,0.20272510538863536,0.8836962468541415,0.8816249370996478,0.4218614361677302,1
103,103003,2009,0.29152995282804506,0.07097080077167055,0.5462422011067264,0.30625279586460563,0.3408403165735568,0.07451366658458507,0.17726569012742646,0.27265308204330413,0.08457733880545412,0.24450163411591963,0.5843199474778422,0.45081532456581763,0.3368699770066304,1
103,103003,2010,0.08097397816820118,0.04445280057548311,0.09568112171785093,0.13375416273174612,0.19195181564245814,0.2750307805959123,0.31088483982374654,0.13261584759378744,0.10385002781160273,0.34763250548652447,0.5717583980741875,0.7119367868460064,0.2683223552180014,0
103,103004,2000,0.09837034074693472,0.18480855377170324,0.4436605745276571,0.39696306973507633,0.16922718808193668,0.2177542477222359,0.08570521217895277,0.09550891331514116,0.2515521880966341,0.28313623948087213,0.820680599627968,0.5871696881502537,0.39365333217173776,0
103,103004,2001,0.2146096725230179,0.0508779387241278,0.4249873233536894,0.18278741488145536,0.15837406890130357,0.02083230731346959,0.17476479695129213,0.13312590854607123,0.17470196485214753,0.3675103020351454,0.22205930626983258,0.43282242380557334,0.16620565842244944,1
103,103004,2002,0.026712596457104425,0.020893960697119313,0.06545558764523028,0.2084596649932899,0.20990456238361266,0.15964048263974392,0.037096582112659274,0.08362449312692868,0.08113471339015921,0.22628163632631793,0.4388882809935442,0.42131675937385255,0.05590282423295801,1
103,103004,2003,0.05256173709133544,0.0842624987738286,0.24277431160298946,0.05718475073313783,0.055371275605214154,0.19977837970943116,0.18784486522964547,0.23460253500293288,0.10688675416046543,0.6639247201477809,0.3511325090272459,0.36512124467897017,0.16726042869099592,1
103,103004,2004,0.040527889623078815,0.049537324657489466,0.05732048766507198,0.0799990059148069,0.12412709497206703,0.16621521792661906,0.11740304076852844,0.15102904797123257,0.27736436206196735,0.478140739220361,0.1817594922858081,0.18467543418243143,0.02432194451099421,0
103,103004,2005,0.04679021659107641,0.01955334663048099,0.13234418748208734,0.022714846662358967,0.4729690409683427,0.26976114257572026,0.08223174943432175,0.0689602407487695,0.08883176235361327,0.39127208424775406,0.32478389320494583,0.79942607678603,0.18420209273888677,1
103,103004,2006,0.1001972314879616,0.14926593205375535,0.22147754580127427,0.08377652964859089,0.4956354748603351,0.2816547648362472,0.12085665515461867,0.05965162836959016,0.16942527698852963,0.2173768887064433,0.16784112047269942,0.18262182268220703,0.052915864180437255,1
103,103004,2007,0.13407196677058433,0.02717195827747441,0.18344760686963998,0.2590337491923058,0.17557029795158288,0.12772716079783303,0.2155333253939899,0.2098135727219403,0.20670785790526017,0.42373336280531126,0.11477185687712003,0.23234370112472633,0.08199827627513634,1
103,103004,2008,0.0846459376675786,0.12269888500147141,0.11583147776626469,0.13121924548933844,0.2581180167597765,0.3076582122629894,0.15426144257869873,0.145316365305654,0.0703558381815722,0.22542905410739375,0.7652916073968705,0.7816371771681923,0.3151491768747064,1
103,103004,2009,0.21313725311980222,0.04772259098191807,0.42908794285588303,0.2661166061931508,0.3525663407821229,0.019108593942378738,0.1454090746695248,0.24110581214455123,0.06975450623130235,0.17504776039281936,0.5604114235693183,0.24525017340097102,0.19888175683033749,0
103,103004,2010,0.06447742744698835,0.026599744956348304,0.05776141449326484,0.09975644912769026,0.07073440409683426,0.251317409505048,0.21489817792068597,0.13496212797429288,0.0730618319577865,0.3879722752893254,0.5807747018273334,0.6214554801506889,0.20238521205860663,0
112,112001,2000,0.13241776719413212,0.2796488245103489,0.3995899380497806,0.5638699736567424,0.2708624301675977,0.7719773454814085,0.027628915088722162,0.31748743974905,0.05792330010974309,0.23164974659361823,0.11142356931830616,0.18444423288770417,0.1928642768911969,0
112,112001,2001,0.2000309026294502,0.13615407252395123,0.29065896514473416,0.5044485312391273,0.2409799813780261,0.38153164245259785,0.1185343972053511,0.1787253576802428,0.24792916309625826,0.6095647094115604,0.16391290075500603,0.10765820288593617,0.2218409008173691,0
112,112001,2002,0.07073066540632413,0.13237746460451885,0.10602085583897353,0.18917441224712958,0.3991503724394786,0.34252647131248465,0.1844706442777182,0.34383208793450815,0.14693546204843733,0.26059017635821086,0.1635299266878214,0.14450080920453157,0.07244311552379142,0
112,112001,2003,0.06405024403988256,0.1590099074649315,0.2564430432769682,0.25587752870421,0.22308542830540037,0.30002462447672984,0.37791274661585483,0.3960623294483691,0.1779792239811182,0.5349637652556957,0.11363387679177155,0.27175672183764227,0.1927242631387349,0
112,112001,2004,0.09772502113194513,0.12042638066899912,0.2332061994312044,0.3347581887767782,0.5590956703910613,0.10805220389066732,0.4230280655789766,0.03312845885083266,0.30594266299854184,0.218955744667414,0.18220811905022435,0.20757796243658966,0.14699888300139696,0
112,112001,2005,0.10745026040009815,0.07934146421214401,0.23523446284089156,0.3709677419354839,0.6896240689013035,0.497931543954691,0.24224921598983765,0.40516691744663486,0.10553375727235831,0.3061875365110441,0.23571506729401467,0.3265786288403215,0.2457521383211418,0
112,112001,2006,0.14965052761695283,0.3115129320210575,0.3638307722833396,0.4708981559719668,0.7712697858472998,0.7476729869490273,0.2010043269421619,0.35362525821835705,0.2235752191103294,0.2961302240396609,0.167425320056899,0.2716071209998776,0.35303067545745603,0
112,112001,2007,0.2999645528662189,0.1659418631265736,0.24438369452589342,0.34720910582036885,0.8984520484171321,0.7246983501600591,0.3963518717002104,0.3183290403203182,0.2831371487845578,0.3452010673066296,0.19149797570850202,0.21250119000666404,0.396777194559999,0
112,112001,2008,0.1650473082900848,0.39682176372494526,0.5880420644194096,0.5532581142203887,0.5745460893854748,0.598842649593696,0.3205112937160096,0.30009436127617245,0.259910702205385,0.57243001720953,0.24871430134588032,0.20891076990031143,0.4595904753311325,0
112,112001,2009,0.4067240486080183,0.3639930680443384,0.7344738640622589,0.2631343506138476,0.19465782122905026,0.2513912829352376,0.2363344051446945,0.30154803499018135,0.20315999939866808,0.3161501176247691,0.1163912900755006,0.1458608168205742,0.30858097617588215,0
112,112001,2010,0.24010434181943777,0.15354935748618515,0.2732423554311162,0.5714001689944828,0.6519727653631284,0.4641960108347698,0.5395974752887935,0.750886230904593,0.3409251492054902,0.24518054217913704,0.22072436809278917,0.427803995702376,0.47183701154646734,1
112,112002,2000,0.16622887941612208,0.29970898865382734,0.3815119380938733,0.300934440081515,0.22075768156424577,0.780571287860133,0.10668492715652414,0.3269490704139144,0.030532629774951525,0.5169174416218009,0.12037422037422038,0.21456840158304885,0.24205266383942592,0
112,112002,2001,0.17094607491160937,0.3811431187260897,0.38797151612689873,0.23539937372632835,0.16105097765363127,0.31093326766806206,0.1630145686951689,0.3559715385988626,0.10876591650505871,0.4131234507475883,0.15633001422475107,0.19642589998503993,0.20033167702249868,0
112,112002,2002,0.10356016469283695,0.06909067128797046,0.059436936440397714,0.21131765992345544,0.16157472067039105,0.40142821965033243,0.4049263625898138,0.19300706434418913,0.1011741006329019,0.13657104062396386,0.14567239304081409,0.12850711963987,0.02337918524441737,0
112,112002,2003,0.13782572734791815,0.08385377497302424,0.302343526091845,0.3333913216362642,0.3218400837988827,0.4170893868505294,0.30890000396967165,0.3041493458468287,0.11444850343510878,0.42769629126734765,0.0936207462523252,0.2651742849759959,0.1816880680280152,0
112,112002,2004,0.16111176753951445,0.07458391917078117,0.17066072885204697,0.22083602564739802,0.5107076350093109,0.2765082491997045,0.26439998412131316,0.1902527352018566,0.09633337843322963,0.21222981827367893,0.12650180544917386,0.3151409647894028,0.11135449304131652,1
112,112002,2005,0.06627705116202974,0.09313997972729948,0.2813113163870456,0.12933048362244645,0.37983007448789574,0.32440285643930067,0.37183914890238573,0.44462013210578655,0.11963499150618623,0.38871433759098156,0.2369405843090054,0.5418542343837126,0.2493862730517086,0
112,112002,2006,0.29372949292420675,0.5205669816564759,0.4149562380123019,0.5308166409861326,0.9825709962756052,0.6179758680128048,0.3502242864515104,0.43026191629899774,0.34510440625986566,0.35227434201177826,0.04694167852062588,0.2445429694406289,0.49156650497671106,0
112,112002,2007,0.3393744944238932,0.15271556093254424,0.3635882625278335,0.2561757542621403,0.2628898975791434,0.44577690224082733,0.5520026993767615,0.3560480477417052,0.2578511402757107,0.3590792112035619,0.17281978334609913,0.31625617103455783,0.35490374832372423,1
112,112002,2008,0.16223880461358078,0.5627636268515189,0.6587667276615445,0.4514637904468413,0.5020367783985102,0.4661905934498892,0.3250565678218411,0.3563285812654612,0.17718245914701067,0.3661051202298814,0.20555859503227927,0.25154700866324853,0.4102091805461781,0
112,112002,2009,0.41943957172591184,0.5651669228002485,0.5292885645627109,0.5329042198916447,0.2805516759776536,0.20229007633587787,0.23538168393473857,0.25546402795134016,0.12426524752326404,0.30182989405876504,0.1075610022978444,0.14628241918154744,0.3316770224986543,1
112,112002,2010,0.2082019214164311,0.06526501651244156,0.18029498004806102,0.3408966648441772,0.4096543296089386,0.4307067224821472,0.26902465166130757,0.5376297467547372,0.22886694027270407,0.17533195446579408,0.1909727541306489,0.36588284894395406,0.24397863078995755,1
112,112003,2000,0.251483780664043,0.3757806624595364,0.4725192354328798,0.19543714896366624,0.16169110800744882,0.5544939670032012,0.23276170060735976,0.228048251766086,0.10132443362046936,0.6821605064969922,0.14259765838713206,0.25301581688857455,0.32049459080202986,0
112,112003,2001,0.21406433200330838,0.8113494425007357,0.6309662911439846,0.17553059297181767,0.08822160148975794,0.16754493967003198,0.16575364217379218,0.2957078370865318,0.10651092169154677,0.36106856971438495,0.20728744939271254,0.32153300058480333,0.323319757185039,0
112,112003,2002,0.10880452269071011,0.10814831769283588,0.1220926387266033,0.19024305382971324,0.02575069832402233,0.40433390790445706,0.40002381803024883,0.093876718267833,0.17271756941625704,0.17106904337117326,0.22064777327935228,0.11131662337309088,0.0507845437262949,0
112,112003,2003,0.22171727729656526,0.0772161004479613,0.37304614299257033,0.21223718872707392,0.3709555400372439,0.4590248707214971,0.24080028581636295,0.2899951544209533,0.14795772636389606,0.32159717069011795,0.08930955246744719,0.42649838839097504,0.22381353901872136,1
112,112003,2004,0.13089081373894548,0.10157603897590166,0.14171388258118564,0.15880510959789254,0.4904271415270019,0.27013050972666836,0.3597514985510698,0.17033485501517429,0.06407191930125229,0.17253737941487596,0.11621621621621621,0.5067116375851705,0.13024390395678861,0
112,112003,2005,0.07724748461685284,0.08720531013962006,0.23915871161180802,0.014513643819275321,0.20568552141527005,0.20610687022900767,0.3152316303441705,0.33528856698375453,0.1460785640193028,0.4171968991268927,0.2066746908852172,0.6514436480844293,0.20346487366092397,0
112,112003,2006,0.38536487825272897,0.9770297223947946,0.4985339182962587,0.4634673691535365,0.7001862197392923,0.4151686776655996,0.5668294232067008,0.5012368978092883,0.7433364903260722,0.45057391414181286,0.03770653244337454,0.4674210175576983,0.7501221231063139,1
112,112003,2007,0.5401325177462893,0.18407285093025536,0.3583853259551577,0.2317212585118545,0.17452281191806332,0.2668554543215957,0.3849986106149021,0.28053352375608887,0.20621175904628758,0.4127445253169554,0.12232191705875918,0.3947014103278978,0.36182353911206383,0
112,112003,2008,0.19029657435263536,0.8580747474086912,0.7638175444784938,0.42681047765793534,0.30874650837988826,0.31967495690716574,0.3247588424437299,0.3565581086939889,0.14717599482854524,0.3450273931509229,0.2403545245650509,0.22177644194807491,0.44127045367567214,0
112,112003,2009,0.48678912591003703,0.8342216263937482,0.4479375647611279,0.4485312391271932,0.3506750465549348,0.2294508741689239,0.28936921916557495,0.15087602968554742,0.13659255250379593,0.34341696007073275,0.14215997373892114,0.21598280950373325,0.42705750209242777,0
112,112003,2010,0.23177880988520583,0.04821305954288331,0.16578848740051588,0.28828470599930417,0.22197974860335196,0.2741196749569072,0.10863006629351753,0.4289867639182882,0.1256483110088847,0.19959897058591344,0.20427836743626218,0.34593153721660846,0.14455642087511703,1
112,112004,2000,0.24559410305118023,0.37260896576529445,0.4814480037037853,0.21005020130225163,0.17318435754189943,0.5897562176803742,0.22583462347663846,0.2573767565224044,0.10357942843398128,0.6941756003599792,0.14801400590874272,0.26101266167090537,0.3353484942298777,0
112,112004,2001,0.21431882424583948,0.7869404571166989,0.6439736325756741,0.17674834733336647,0.10317737430167596,0.19502585570056638,0.1734151085705212,0.3122083088929127,0.1196951247012132,0.39016688507507463,0.21177371703687495,0.3242258156645677,0.33939022455094475,0
112,112004,2002,0.1116766494278469,0.10420822025308178,0.11655900703278291,0.19958745464486308,0.036691108007448785,0.41312484609702044,0.40927315311023776,0.12534747902374335,0.18151204918895356,0.1769897532248133,0.22802275960170695,0.11482544302248095,0.06486992722396288,0
112,112004,2003,0.22049026112721887,0.07548311153255077,0.366829074715051,0.22891296784134404,0.3785789106145252,0.464343757695149,0.26644436505101027,0.30335875137078877,0.15312918113621676,0.3505060233354911,0.09363168836853049,0.42444477689075055,0.23894124711805018,1
112,112004,2004,0.13504449069739963,0.09886211293856065,0.14846006305253642,0.16481932501615387,0.5142865456238361,0.27214971681851763,0.3646143463935532,0.17982198872765293,0.07648942407432463,0.1960781217929488,0.11992559360980415,0.5012580070448395,0.14459998070921626,1
112,112004,2005,0.07820183052634448,0.08539057646404867,0.24661037500826735,0.024205974452010542,0.23929236499068898,0.24035951736025613,0.35389623278154897,0.36364795593073374,0.14876952449676034,0.4395850766534569,0.2253638253638254,0.6710549579077643,0.23792692526688178,1
112,112004,2006,0.39219981276642163,0.9649478468430175,0.5047068938909588,0.4759182861971271,0.7479050279329608,0.4499630632849052,0.5698662220634353,0.504705312284818,0.7530931012192005,0.467799232676003,0.039687055476529155,0.46778821961402983,0.7690488710224426,1
112,112004,2007,0.5572743880824919,0.19066147859922178,0.38528186247492224,0.24131418062527957,0.19046787709497204,0.2944348682590495,0.4080227065221706,0.3154471959399148,0.23433906102015967,0.4367115588044903,0.1488346646241383,0.41025989745542574,0.40864102651860473,0
112,112004,2008,0.2001308817247303,0.8926200830526764,0.7932494102603672,0.44547442715840746,0.31881401303538176,0.3598867274070426,0.3498471676392362,0.37616995230930095,0.16708008238247724,0.3824304908663183,0.2601816391290076,0.24387656570876798,0.49237547332426873,0
112,112004,2009,0.5312798233096716,0.8612954909590297,0.4828810158954122,0.45802475272130827,0.3610335195530726,0.23932528933760155,0.3019927751974911,0.1970365458672311,0.15112975240156948,0.3664840456605144,0.15489659700186018,0.2378925321981803,0.4797151186849908,1
112,112004,2010,0.2512656444561592,0.047493705653467624,0.16944818007451662,0.2990208260847955,0.2601838919925512,0.3347451366658458,0.14687785320154023,0.48040090790849505,0.14940092304454367,0.20809321565593572,0.22832913885545467,0.39281099974159855,0.20111575403628537,1
112,112005,2000,0.2071930414549685,0.3990288722492889,0.5609912035097776,0.35498782245638455,0.16462988826815642,0.39603545924649103,0.21350879282283353,0.3121317997500701,0.25290518498474124,0.7806337527827336,0.23073640442061497,0.2981000693603884,0.4159155188131811,0
112,112005,2001,0.2343237323105169,0.8475623712520027,0.8558169271809343,0.25192604006163327,0.07393505586592178,0.2951982270376754,0.11230201262355605,0.16209737063579097,0.31503780874637327,0.616906389630074,0.2251559251559252,0.39282459981775897,0.4833274734985081,1
112,112005,2002,0.08315534024703924,0.09462773436222739,0.12645781432571263,0.22712361449376214,0.08286778398510243,0.35961585816301406,0.18806319717359374,0.31146872051210117,0.3419173469234355,0.2940303456115699,0.31580041580041585,0.09035890600987366,0.11996067169264185,0
112,112005,2003,0.2214809630713578,0.06609881306608247,0.32650631627681387,0.00837516775187633,0.3723521880819367,0.43053435114503813,0.3678496288356953,0.3451837494580602,0.30311640283227353,0.4722358179263306,0.12431338220811905,0.48019148907233883,0.29676381546809705,0
112,112005,2004,0.05939667160502803,0.0990256024588824,0.15368504596662186,0.11884288483523038,0.7010009310986963,0.19874415168677667,0.3983764042713667,0.0426410956109255,0.22286865406876233,0.34584839825062763,0.137805011489222,0.44329448244910175,0.1645970559774983,0
112,112005,2005,0.09130818101669651,0.04651276853153714,0.18071386053484423,0.0328793677618172,0.41666666666666663,0.4073134695887712,0.5570441824461116,0.4202647216342353,0.18382717719749248,0.5399371615327534,0.3195316774264143,0.6807382121339879,0.36163374269206,0
112,112005,2006,0.3755941939412668,1.0,0.47732533786018205,0.42400218698742487,0.5185055865921787,0.6172371337109087,0.7119407724981145,0.451123409247405,1.0,0.6045913131345028,0.050574461100776874,0.5407662282908785,0.8698649956284595,1
112,112005,2007,0.6069003753760578,0.1426282575286924,0.37520668445071537,0.21288334410258958,0.2336766759776536,0.25720265944348686,0.33468302171410425,0.3211343755578791,0.28455027886769196,0.4956028861486967,0.18665061822956558,0.3687932652422854,0.42388074561990313,0
112,112005,2008,0.17701753269770865,0.9884412909132526,0.8000396834145374,0.4465927730006462,0.28564362197392923,0.40531888697365187,0.393454011353261,0.3199867384152406,0.20434763000045103,0.48834014872823156,0.2876025823394245,0.18819785390798188,0.5296129086456935,0
112,112005,2009,0.6251601937776647,0.912712945100219,0.46438413545272156,0.3525771658631145,0.3681913407821229,0.21369120906180744,0.31378270017069587,0.2860931881359823,0.17855048933387457,0.40049260305982287,0.1628186891344786,0.24514137279168766,0.5323540667772255,0
112,112005,2010,0.2814775092480663,0.01041428244449531,0.10621927291166032,0.3217356727471545,0.30540037243947854,0.45222851514405316,0.17996506688896824,0.44609930886740967,0.18492460800673496,0.23518638394619257,0.25381332749753804,0.46738021732921703,0.25600425641807484,0
112,112006,2000,0.17889895749070647,0.37403132459209365,0.5138340792345509,0.34805407823450474,0.16250581936685288,0.3861117951243536,0.17355404708030645,0.3126163576547398,0.23808235241058948,0.7073590476340844,0.22689572163256375,0.2787199608317807,0.36322678805340436,0
112,112006,2001,0.21717277296565263,0.7156099794003206,0.7731431468947727,0.23639345891942942,0.06829027001862197,0.31519330214232943,0.09146123615576991,0.15108005406646097,0.30152287316405846,0.5979443295388163,0.2039829302987198,0.3590420106352596,0.4157661708105552,0
112,112006,2002,0.07541150486716414,0.07827878233005266,0.09378513635662163,0.22466325364083703,0.09308077281191805,0.3442501846835755,0.16059306895319755,0.30802580908418553,0.31497767555134626,0.27263684734041715,0.2947368421052632,0.07767003495219575,0.08501323907814945,0
112,112006,2003,0.19702244076238604,0.057499264297158556,0.28148768711832267,0.0,0.3466887802607076,0.40381679389312974,0.35971180183398827,0.31600826298742696,0.2861738751334205,0.46179958002431437,0.11531896268738374,0.4242815759768255,0.24748519743494798,1
112,112006,2004,0.05512483753397017,0.08753228918026355,0.14290438501730637,0.11623341120334013,0.6709148044692737,0.2031519330214233,0.35137549124687384,0.03450562342199893,0.21601346983568606,0.33959612864518374,0.12367873946821314,0.38093813325354625,0.12714182148557704,0
112,112006,2005,0.07699299237432172,0.04347186345355263,0.16173196058114156,0.034320791291813715,0.4143680167597766,0.4027333169170155,0.5416617045770313,0.40348371630409835,0.16602775146950496,0.5048391935203751,0.3113688587372798,0.6472548246270179,0.32779397443037733,0
112,112006,2006,0.34420984703198426,0.858532518065592,0.4218787892149298,0.4073512600029823,0.5261580540037243,0.6154395469096281,0.6261164701679172,0.39004361021142026,0.8687142019573356,0.5491261032256027,0.03791443265127475,0.47796107658202885,0.7459030420321284,0
112,112006,2007,0.5436772311244014,0.1095543275676029,0.33920500892876826,0.1860430438888613,0.20772229981378026,0.23211031765574985,0.3104084792187686,0.27872280737548133,0.26342849411446356,0.4517896332317603,0.179800853485064,0.32107059799534876,0.3467051652628992,1
112,112006,2008,0.1660198322169001,0.8989634764411601,0.7202980665358584,0.4143595606143447,0.2650139664804469,0.3735040630386604,0.34653249176293116,0.25199561347581034,0.18438340925149208,0.44626363736836294,0.26249042564832037,0.17882740143344805,0.44994819491158905,0
112,112006,2009,0.5909400761658926,0.8038943203740642,0.4324830794329681,0.33460907599781303,0.3357483705772812,0.1986456537798572,0.2736691675598428,0.25806533880798754,0.1562410739788632,0.35693196709664177,0.14212714739030527,0.20404194263487876,0.44960905048895916,1
112,112006,2010,0.26279050743935356,0.004741196089330674,0.07901408761216076,0.30794274069287736,0.27898044692737434,0.4373307067224822,0.16672621174228888,0.37762362602330973,0.1704625746027451,0.21971359552867994,0.2243024400919138,0.45161772905928277,0.20978727243875953,0
112,112007,2000,0.1417703571071503,0.37741555766275386,0.5051478207191517,0.4700034792981759,0.15502793296089384,0.5204629401625216,0.08790837997697588,0.4632883629593737,0.26508215697770565,0.808611080411134,0.2965422912791334,0.31325055420310355,0.43958406581268644,0
112,112007,2001,0.2127009807040346,0.6038812412124384,0.7932494102603672,0.26248819523833195,0.11234287709497207,0.538118689977838,0.08022706522170615,0.18533064701231794,0.39999098002074607,0.8021693480903737,0.2102746471167524,0.3622924288376015,0.4975279794148669,0
112,112007,2002,0.0801105223453278,0.05635483765490632,0.05227187548226372,0.24394850638699736,0.12433077281191807,0.33378478207338097,0.09408121948314875,0.5064395195225829,0.3624828996226643,0.2914094447163585,0.3226720647773279,0.07452841735913722,0.11557046269878064,1
112,112007,2003,0.16270234405533388,0.04314488441290914,0.23221411406777043,0.004125453551369352,0.28221019553072624,0.3565624230485102,0.4924576237545154,0.3411797709826324,0.3240427547016642,0.6499518448931905,0.11650071123755333,0.393654204463545,0.2758333151834024,1
112,112007,2004,0.0445543204602674,0.0711833371480888,0.16607508983884123,0.08979074506685224,0.8053421787709496,0.19972913075597146,0.3078281926084713,0.01989237713906811,0.2575805408980893,0.4992816205377584,0.11850311850311851,0.26939030858572804,0.13878163144024366,1
112,112007,2005,0.06907646582987194,0.038943203740640225,0.16700103617804624,0.028281723743724844,0.6165328212290502,0.5740211770499877,0.8446865944186416,0.5857029915074852,0.18107608352500792,0.599191625747983,0.41441076704234603,0.714031198574712,0.5034863424363015,0
112,112007,2006,0.34685474855257536,0.6600562403949908,0.3581648625410612,0.4694815845717978,0.7183426443202979,0.8150209308052204,0.5686951689095311,0.38731478411670195,0.7897442835881477,0.6210903579266464,0.017759054601159868,0.3754573025608943,0.7129158019521028,1
112,112007,2007,0.44711560310116977,0.10401203282869569,0.35737119425031416,0.18465132461851982,0.21866270949720668,0.2753262743166708,0.31116271684331703,0.3156512203208284,0.31705227077977727,0.46596775976127697,0.271616150563519,0.251819010186457,0.35040152832789345,1
112,112007,2008,0.15723076084091506,0.7830821044371057,0.6609713618025088,0.43352055271136736,0.3544285381750465,0.48842649593696136,0.3715215751657337,0.2314401570987733,0.22396608487800482,0.5615674881980517,0.25659262501367763,0.1646969223027649,0.47040575985463456,1
112,112007,2009,0.5951573761849795,0.7180786711571789,0.43753169161577626,0.26552015507729015,0.29754422718808193,0.15919724205860625,0.2561430669683617,0.3581137945984545,0.17606999503901144,0.35350584966133547,0.12419301892986102,0.21855322389805382,0.42882478679016917,1
112,112007,2010,0.27476073184697747,0.0011280776902200577,0.04795079256597368,0.30399125205030075,0.3618191340782123,0.6399655257325781,0.28083442499305306,0.3882838999260412,0.24316360739036968,0.2299919478345991,0.2518875150454098,0.5473078649240436,0.3087738840126074,0
112,112008,2000,0.08976304954418621,0.3506523231860838,0.44368262086906674,0.5766439683880908,0.15947974860335196,0.708667815808914,0.006152991147632079,0.5822345770319554,0.2533712172462003,0.7856860918578399,0.3129116971222235,0.3196969903031457,0.4465007451843047,0
112,112008,2001,0.20562064295647273,0.35455972272177355,0.6776824885910183,0.3358019782295343,0.1375407355679702,0.679044570302881,0.0817553888293438,0.1905587717732269,0.4502021978682783,0.9193204603943982,0.18640989167304958,0.3138761577064832,0.4775215698964208,0
112,112008,2002,0.07396635248993391,0.019160971781708794,0.0,0.260649137631095,0.1583449720670391,0.37431667077074615,0.07548330753046723,0.5930988753156002,0.35520678302439906,0.32175505628621504,0.30409235146077257,0.07826843830325451,0.1175586579837397,0
112,112008,2003,0.09660707306654062,0.02001111728738188,0.18283030931016997,0.04259655052437994,0.22299813780260708,0.3531149963063285,0.5804652455241952,0.333197317079391,0.29699785023827785,0.7792759366562988,0.11543932596564174,0.3034992995960777,0.25165760725831293,0
112,112008,2004,0.04249111549403307,0.05218585488670177,0.16838995568685375,0.07453153735275114,0.9011871508379887,0.16350652548633343,0.25262990750664915,0.010124709902833385,0.27918339121153357,0.5570677487092852,0.09716599190283401,0.1277999156795278,0.10609931019891286,0
112,112008,2005,0.05666996900648046,0.025962135827093485,0.18615930686302606,0.0411302748645559,0.7704550744878956,0.6788968234425018,1.0,0.7073780316747851,0.16324659119950694,0.6200641015520154,0.47929751613962146,0.676182186620245,0.5801952102850991,0
112,112008,2006,0.3039728056860838,0.34939345387960635,0.2831852554068652,0.4779064565833292,0.9161720204841713,0.9619798079290816,0.4362470723671152,0.3687485654535717,0.5943264330492041,0.5750035524259122,0.0,0.2276652749255396,0.5578925752262778,1
112,112008,2007,0.27725112022031756,0.08514534218356605,0.317974382151282,0.1782891793826731,0.2606203445065177,0.39083969465648855,0.3538168393473859,0.38792685725944254,0.37602790180249257,0.45946287320207774,0.3153408469197943,0.14107359001210407,0.3149033749537177,1
112,112008,2008,0.10428728538578297,0.543684399829971,0.5121365109460085,0.4431134748247925,0.4161138268156424,0.6438069441024378,0.41741098011194466,0.23893805309734512,0.27157654204062,0.6580829530921894,0.21827333406280777,0.13009832855063988,0.4313201430007125,1
112,112008,2009,0.46226698054043247,0.48564562011575063,0.39169734782512844,0.2020229633679606,0.2658577746741154,0.12425510957892144,0.24613949426382434,0.48950549590676085,0.1845187089403028,0.3401487282315234,0.10491301017616808,0.1728705680751812,0.3145237821137098,1
112,112008,2010,0.21610026994355724,0.0,0.03289314138318746,0.3093841642228739,0.5206878491620112,0.8717803496675696,0.420626414195546,0.43946851648772023,0.35824350937326177,0.2381862102720369,0.2575008206587154,0.48733152905656274,0.3747701440897083,1
112,112009,2000,0.08976304954418621,0.3506523231860838,0.44368262086906674,0.5766439683880908,0.15947974860335196,0.708667815808914,0.006152991147632079,0.5822345770319554,0.2533712172462003,0.7856860918578399,0.3129116971222235,0.3196969903031457,0.4465007451843047,0
112,112009,2001,0.20562064295647273,0.35455972272177355,0.6776824885910183,0.3358019782295343,0.1375407355679702,0.679044570302881,0.0817553888293438,0.1905587717732269,0.4502021978682783,0.9193204603943982,0.18640989167304958,0.3138761577064832,0.4775215698964208,0
112,112009,2002,0.07396635248993391,0.019160971781708794,0.0,0.260649137631095,0.1583449720670391,0.37431667077074615,0.07548330753046723,0.5930988753156002,0.35520678302439906,0.32175505628621504,0.30409235146077257,0.07826843830325451,0.1175586579837397,0
112,112009,2003,0.09660707306654062,0.02001111728738188,0.18283030931016997,0.04259655052437994,0.22299813780260708,0.3531149963063285,0.5804652455241952,0.333197317079391,0.29699785023827785,0.7792759366562988,0.11543932596564174,0.3034992995960777,0.25165760725831293,0
112,112009,2004,0.04249111549403307,0.05218585488670177,0.16838995568685375,0.07453153735275114,0.9011871508379887,0.16350652548633343,0.25262990750664915,0.010124709902833385,0.27918339121153357,0.5570677487092852,0.09716599190283401,0.1277999156795278,0.10609931019891286,0
112,112009,2005,0.05666996900648046,0.025962135827093485,0.18615930686302606,0.0411302748645559,0.7704550744878956,0.6788968234425018,1.0,0.7073780316747851,0.16324659119950694,0.6200641015520154,0.47929751613962146,0.676182186620245,0.5801952102850991,1
112,112009,2006,0.3039728056860838,0.34939345387960635,0.2831852554068652,0.4779064565833292,0.9161720204841713,0.9619798079290816,0.4362470723671152,0.3687485654535717,0.5943264330492041,0.5750035524259122,0.0,0.2276652749255396,0.5578925752262778,1
112,112009,2007,0.27725112022031756,0.08514534218356605,0.317974382151282,0.1782891793826731,0.2606203445065177,0.39083969465648855,0.3538168393473859,0.38792685725944254,0.37602790180249257,0.45946287320207774,0.3153408469197943,0.14107359001210407,0.3149033749537177,0
112,112009,2008,0.10428728538578297,0.543684399829971,0.5121365109460085,0.4431134748247925,0.4161138268156424,0.6438069441024378,0.41741098011194466,0.23893805309734512,0.27157654204062,0.6580829530921894,0.21827333406280777,0.13009832855063988,0.4313201430007125,0
112,112009,2009,0.46226698054043247,0.48564562011575063,0.39169734782512844,0.2020229633679606,0.2658577746741154,0.12425510957892144,0.24613949426382434,0.48950549590676085,0.1845187089403028,0.3401487282315234,0.10491301017616808,0.1728705680751812,0.3145237821137098,0
112,112009,2010,0.21610026994355724,0.0,0.03289314138318746,0.3093841642228739,0.5206878491620112,0.8717803496675696,0.420626414195546,0.43946851648772023,0.35824350937326177,0.2381862102720369,0.2575008206587154,0.48733152905656274,0.3747701440897083,1
112,112010,2000,0.08563663961171755,0.3524016610535265,0.4414118477038736,0.6510512450917043,0.18086592178770952,0.8410736271854222,0.012067801992775193,0.6338272423554614,0.24526826921631417,0.7765760929630389,0.31064667906773175,0.3510587659290892,0.4837101777552373,0
112,112010,2001,0.22237168592021667,0.26665140764477,0.6225004960426817,0.4573785973457926,0.14987779329608938,0.6895592218665354,0.11460442221428288,0.1776032235852184,0.4651603301312407,0.9775486682349969,0.19993434730276838,0.30487290728828087,0.496526103230584,0
112,112010,2002,0.07190314752369958,0.0220710852434359,0.021759738971317718,0.28960186888016304,0.18965316573556795,0.4506279241566116,0.12512405224087966,0.6111805360740608,0.3675340880049309,0.4075185120861424,0.3219498851077799,0.10046376259707056,0.17669113277348578,0
112,112010,2003,0.07370277123874099,0.021139194977601937,0.2347494433298794,0.12271981708832448,0.23242551210428308,0.397734548140852,0.6151998729705054,0.3730585805003698,0.2914355296982817,0.8541926520043576,0.13592296750191485,0.3142161596104939,0.30024237936259507,0
112,112010,2004,0.046981085772974746,0.062305856194617926,0.18917965563614716,0.10467717083354043,0.9272288175046554,0.16747106623984237,0.30774879917430825,0.022927239805156704,0.30651392835129815,0.5276694507160112,0.10367655104497209,0.1140502386813366,0.12833349408986394,0
112,112010,2005,0.062486934550048626,0.025406271457999546,0.23494786040256618,0.09113276007753864,0.8933310055865921,0.6816301403595173,0.9615140327894883,0.7588431817602204,0.1780694237736587,0.646146802027251,0.5103074734653683,0.6732173700172721,0.6253014184948832,0
112,112010,2006,0.2888486952728066,0.2666841055488343,0.2919817456293128,0.4960733634872509,0.9483240223463686,0.9970204383156857,0.3939700686753205,0.44214633648721025,0.5520076970489636,0.5459999684228808,0.026775358354305723,0.2124331896258619,0.5403348506675544,0
112,112010,2007,0.22398952946202158,0.10031716966942421,0.28935823100156527,0.20525374024553905,0.28945530726256985,0.4420339817778872,0.3454606804017308,0.3944046313534467,0.3842511162224327,0.43459589181678954,0.3038078564394354,0.10805260509458851,0.2938950892509887,0
112,112010,2008,0.09588904138225643,0.4393290390085996,0.4536034745034061,0.45285550971718275,0.3901303538175046,0.6594927357793646,0.40706998531221467,0.25449491214200093,0.26766788436386596,0.6686139223518639,0.20893970893970892,0.12335269077506833,0.39809021241641945,0
112,112010,2009,0.4066695145560474,0.3833338782984011,0.3767058356665711,0.18283711914111037,0.2586999534450652,0.13102684067963555,0.2417133103092374,0.4950141541914259,0.17858055593138802,0.3496376525569572,0.10954152533099902,0.1564960763780277,0.269784721077048,0
112,112010,2010,0.19322323514174308,0.004495961808848053,0.04283604135893648,0.35227894030518414,0.5735277001862198,0.8346712632356563,0.44722321464014925,0.48968401724006017,0.39266976352621064,0.2402387230212988,0.26609038187985556,0.44732010499258795,0.38664953313192085,1
112,112011,2000,0.08563663961171755,0.3524016610535265,0.4414118477038736,0.6510512450917043,0.18086592178770952,0.8410736271854222,0.012067801992775193,0.6338272423554614,0.24526826921631417,0.7765760929630389,0.31064667906773175,0.3510587659290892,0.4837101777552373,0
112,112011,2001,0.22237168592021667,0.26665140764477,0.6225004960426817,0.4573785973457926,0.14987779329608938,0.6895592218665354,0.11460442221428288,0.1776032235852184,0.4651603301312407,0.9775486682349969,0.19993434730276838,0.30487290728828087,0.496526103230584,1
112,112011,2002,0.07190314752369958,0.0220710852434359,0.021759738971317718,0.28960186888016304,0.18965316573556795,0.4506279241566116,0.12512405224087966,0.6111805360740608,0.3675340880049309,0.4075185120861424,0.3219498851077799,0.10046376259707056,0.17669113277348578,0
112,112011,2003,0.07370277123874099,0.021139194977601937,0.2347494433298794,0.12271981708832448,0.23242551210428308,0.397734548140852,0.6151998729705054,0.3730585805003698,0.2914355296982817,0.8541926520043576,0.13592296750191485,0.3142161596104939,0.30024237936259507,0
112,112011,2004,0.046981085772974746,0.062305856194617926,0.18917965563614716,0.10467717083354043,0.9272288175046554,0.16747106623984237,0.30774879917430825,0.022927239805156704,0.30651392835129815,0.5276694507160112,0.10367655104497209,0.1140502386813366,0.12833349408986394,0
112,112011,2005,0.062486934550048626,0.025406271457999546,0.23494786040256618,0.09113276007753864,0.8933310055865921,0.6816301403595173,0.9615140327894883,0.7588431817602204,0.1780694237736587,0.646146802027251,0.5103074734653683,0.6732173700172721,0.6253014184948832,0
112,112011,2006,0.2888486952728066,0.2666841055488343,0.2919817456293128,0.4960733634872509,0.9483240223463686,0.9970204383156857,0.3939700686753205,0.44214633648721025,0.5520076970489636,0.5459999684228808,0.026775358354305723,0.2124331896258619,0.5403348506675544,1
112,112011,2007,0.22398952946202158,0.10031716966942421,0.28935823100156527,0.20525374024553905,0.28945530726256985,0.4420339817778872,0.3454606804017308,0.3944046313534467,0.3842511162224327,0.43459589181678954,0.3038078564394354,0.10805260509458851,0.2938950892509887,0
112,112011,2008,0.09588904138225643,0.4393290390085996,0.4536034745034061,0.45285550971718275,0.3901303538175046,0.6594927357793646,0.40706998531221467,0.25449491214200093,0.26766788436386596,0.6686139223518639,0.20893970893970892,0.12335269077506833,0.39809021241641945,0
112,112011,2009,0.4066695145560474,0.3833338782984011,0.3767058356665711,0.18283711914111037,0.2586999534450652,0.13102684067963555,0.2417133103092374,0.4950141541914259,0.17858055593138802,0.3496376525569572,0.10954152533099902,0.1564960763780277,0.269784721077048,0
112,112011,2010,0.19322323514174308,0.004495961808848053,0.04283604135893648,0.35227894030518414,0.5735277001862198,0.8346712632356563,0.44722321464014925,0.48968401724006017,0.39266976352621064,0.2402387230212988,0.26609038187985556,0.44732010499258795,0.38664953313192085,1
112,112012,2000,0.08563663961171755,0.3524016610535265,0.4414118477038736,0.6510512450917043,0.18086592178770952,0.8410736271854222,0.012067801992775193,0.6338272423554614,0.24526826921631417,0.7765760929630389,0.31064667906773175,0.3510587659290892,0.4837101777552373,0
112,112012,2001,0.22237168592021667,0.26665140764477,0.6225004960426817,0.4573785973457926,0.14987779329608938,0.6895592218665354,0.11460442221428288,0.1776032235852184,0.4651603301312407,0.9775486682349969,0.19993434730276838,0.30487290728828087,0.496526103230584,1
112,112012,2002,0.07190314752369958,0.0220710852434359,0.021759738971317718,0.28960186888016304,0.18965316573556795,0.4506279241566116,0.12512405224087966,0.6111805360740608,0.3675340880049309,0.4075185120861424,0.3219498851077799,0.10046376259707056,0.17669113277348578,1
112,112012,2003,0.07370277123874099,0.021139194977601937,0.2347494433298794,0.12271981708832448,0.23242551210428308,0.397734548140852,0.6151998729705054,0.3730585805003698,0.2914355296982817,0.8541926520043576,0.13592296750191485,0.3142161596104939,0.30024237936259507,0
112,112012,2004,0.046981085772974746,0.062305856194617926,0.18917965563614716,0.10467717083354043,0.9272288175046554,0.16747106623984237,0.30774879917430825,0.022927239805156704,0.30651392835129815,0.5276694507160112,0.10367655104497209,0.1140502386813366,0.12833349408986394,1
112,112012,2005,0.062486934550048626,0.025406271457999546,0.23494786040256618,0.09113276007753864,0.8933310055865921,0.6816301403595173,0.9615140327894883,0.7588431817602204,0.1780694237736587,0.646146802027251,0.5103074734653683,0.6732173700172721,0.6253014184948832,0
112,112012,2006,0.2888486952728066,0.2666841055488343,0.2919817456293128,0.4960733634872509,0.9483240223463686,0.9970204383156857,0.3939700686753205,0.44214633648721025,0.5520076970489636,0.5459999684228808,0.026775358354305723,0.2124331896258619,0.5403348506675544,1
112,112012,2007,0.22398952946202158,0.10031716966942421,0.28935823100156527,0.20525374024553905,0.28945530726256985,0.4420339817778872,0.3454606804017308,0.3944046313534467,0.3842511162224327,0.43459589181678954,0.3038078564394354,0.10805260509458851,0.2938950892509887,0
112,112012,2008,0.09588904138225643,0.4393290390085996,0.4536034745034061,0.45285550971718275,0.3901303538175046,0.6594927357793646,0.40706998531221467,0.25449491214200093,0.26766788436386596,0.6686139223518639,0.20893970893970892,0.12335269077506833,0.39809021241641945,0
112,112012,2009,0.4066695145560474,0.3833338782984011,0.3767058356665711,0.18283711914111037,0.2586999534450652,0.13102684067963555,0.2417133103092374,0.4950141541914259,0.17858055593138802,0.3496376525569572,0.10954152533099902,0.1564960763780277,0.269784721077048,0
112,112012,2010,0.19322323514174308,0.004495961808848053,0.04283604135893648,0.35227894030518414,0.5735277001862198,0.8346712632356563,0.44722321464014925,0.48968401724006017,0.39266976352621064,0.2402387230212988,0.26609038187985556,0.44732010499258795,0.38664953313192085,0
112,112013,2000,0.12284704107323013,0.3670176241702907,0.3832315527238254,0.6481683980317113,0.18205889199255124,0.8823442501846835,0.020701837958000856,0.5232715309479483,0.19388445406575566,0.5597833809621549,0.22063683116314695,0.3399475037060207,0.40237152182503255,0
112,112013,2001,0.2876671241467693,0.2097897524768663,0.41544125752331396,0.6412843580694865,0.16201117318435757,0.5786013297217435,0.09142153943868842,0.12320522302415139,0.39152723282069796,0.7948592449910794,0.20957435167961488,0.23469651430048008,0.41431313920167273,1
112,112013,2002,0.06594075784154221,0.051662688421672175,0.08770034612756013,0.3125403847109698,0.2556738826815642,0.4516375277025363,0.1695049819379937,0.44893014715258467,0.26614952118943463,0.4064764671519017,0.28593938067622277,0.14648642032395384,0.16590385100047605,1
112,112013,2003,0.0535160830008271,0.056305790798809804,0.2783571066381534,0.2879616283115463,0.22893389199255118,0.41787737010588527,0.4714977571354848,0.34332202698222436,0.16849321246561136,0.7209056317792129,0.1271583324214903,0.3751717009615254,0.262622239784441,1
112,112013,2004,0.060959981094861976,0.08161396854461629,0.2116228311911638,0.23067746905909836,0.7693202979515827,0.11930558975621766,0.34065737763486953,0.015709877330340967,0.30567206362092036,0.3441432338127793,0.10678411204726994,0.1528240558147126,0.11045840502556027,0
112,112013,2005,0.08128300446270324,0.04293234803649086,0.260962543265945,0.16566429743028976,0.8767749068901303,0.5362718542230978,0.5973561986423723,0.5625972303690291,0.15607570769253898,0.4933924878033377,0.3816391290075501,0.49425396782221986,0.4347302557273403,0
112,112013,2006,0.25281986493733133,0.23562109668770234,0.28609537247293804,0.4256424275560416,0.7393214618249534,0.8865304112287613,0.22379024254694135,0.4912142000969116,0.4419188502533112,0.37425201698849014,0.088302877776562,0.28488079533245386,0.43287585136140033,1
112,112013,2007,0.2557374367177772,0.185348069188765,0.2280473555413479,0.2773000646155376,0.4652292830540037,0.6532134942132479,0.35782620777261714,0.29603937670551633,0.33976758520122075,0.3904984448268784,0.2601269285479812,0.1421071958002965,0.3342097157098541,1
112,112013,2008,0.14224298555756523,0.4713075891835334,0.5619612425318019,0.5126994383418659,0.36577630353817503,0.6410736271854224,0.38831328649120717,0.3007319374665272,0.2565131766863603,0.688318044744778,0.22617354196301565,0.18534183791429232,0.46125197186034705,1
112,112013,2009,0.4944784272379412,0.4037700683386195,0.48270464516413497,0.1750335503752672,0.22296904096834266,0.13021423294754986,0.1889563733079274,0.3907576955446176,0.15317428103248698,0.349006110172569,0.12101980523033155,0.15464646602020973,0.29025473168697896,1
112,112013,2010,0.2288248820701126,0.03088317038877808,0.07544258030379858,0.471047268750932,0.6192388268156425,0.7238611179512436,0.49057202969314434,0.6646859299686312,0.4784347329334476,0.2423386014493898,0.29325965641755114,0.4755674631777938,0.4747150720137399,1
112,112014,2000,0.12284704107323013,0.3670176241702907,0.3832315527238254,0.6481683980317113,0.18205889199255124,0.8823442501846835,0.020701837958000856,0.5232715309479483,0.19388445406575566,0.5597833809621549,0.22063683116314695,0.3399475037060207,0.40237152182503255,0
112,112014,2001,0.2876671241467693,0.2097897524768663,0.41544125752331396,0.6412843580694865,0.16201117318435757,0.5786013297217435,0.09142153943868842,0.12320522302415139,0.39152723282069796,0.7948592449910794,0.20957435167961488,0.23469651430048008,0.41431313920167273,0
112,112014,2002,0.06594075784154221,0.051662688421672175,0.08770034612756013,0.3125403847109698,0.2556738826815642,0.4516375277025363,0.1695049819379937,0.44893014715258467,0.26614952118943463,0.4064764671519017,0.28593938067622277,0.14648642032395384,0.16590385100047605,1
112,112014,2003,0.0535160830008271,0.056305790798809804,0.2783571066381534,0.2879616283115463,0.22893389199255118,0.41787737010588527,0.4714977571354848,0.34332202698222436,0.16849321246561136,0.7209056317792129,0.1271583324214903,0.3751717009615254,0.262622239784441,0
112,112014,2004,0.060959981094861976,0.08161396854461629,0.2116228311911638,0.23067746905909836,0.7693202979515827,0.11930558975621766,0.34065737763486953,0.015709877330340967,0.30567206362092036,0.3441432338127793,0.10678411204726994,0.1528240558147126,0.11045840502556027,0
112,112014,2005,0.08128300446270324,0.04293234803649086,0.260962543265945,0.16566429743028976,0.8767749068901303,0.5362718542230978,0.5973561986423723,0.5625972303690291,0.15607570769253898,0.4933924878033377,0.3816391290075501,0.49425396782221986,0.4347302557273403,0
112,112014,2006,0.25281986493733133,0.23562109668770234,0.28609537247293804,0.4256424275560416,0.7393214618249534,0.8865304112287613,0.22379024254694135,0.4912142000969116,0.4419188502533112,0.37425201698849014,0.088302877776562,0.28488079533245386,0.43287585136140033,0
112,112014,2007,0.2557374367177772,0.185348069188765,0.2280473555413479,0.2773000646155376,0.4652292830540037,0.6532134942132479,0.35782620777261714,0.29603937670551633,0.33976758520122075,0.3904984448268784,0.2601269285479812,0.1421071958002965,0.3342097157098541,0
112,112014,2008,0.14224298555756523,0.4713075891835334,0.5619612425318019,0.5126994383418659,0.36577630353817503,0.6410736271854224,0.38831328649120717,0.3007319374665272,0.2565131766863603,0.688318044744778,0.22617354196301565,0.18534183791429232,0.46125197186034705,0
112,112014,2009,0.4944784272379412,0.4037700683386195,0.48270464516413497,0.1750335503752672,0.22296904096834266,0.13021423294754986,0.1889563733079274,0.3907576955446176,0.15317428103248698,0.349006110172569,0.12101980523033155,0.15464646602020973,0.29025473168697896,0
112,112014,2010,0.2288248820701126,0.03088317038877808,0.07544258030379858,0.471047268750932,0.6192388268156425,0.7238611179512436,0.49057202969314434,0.6646859299686312,0.4784347329334476,0.2423386014493898,0.29325965641755114,0.4755674631777938,0.4747150720137399,0
113,113001,2000,0.19004208211010426,0.4064185985678318,0.4141625697215547,0.6830110840499031,0.2552956238361266,1.0,0.007919495057758713,0.5417612404682359,0.2620454306288429,0.4823878617553721,0.1752817594922858,0.3002352813175754,0.4414260245117409,0
113,113001,2001,0.373194695654545,0.21780073897263186,0.33153288211821247,0.6687211093990755,0.22637337057728119,0.5896823442501847,0.09132229764598468,0.1590625079697024,0.3731866083374675,0.7146217850545494,0.23526644052959841,0.2205932353221178,0.43382483346142003,0
113,113001,2002,0.0946165801696009,0.09984305006049113,0.13479133137855773,0.4062577662905711,0.4353177374301676,0.4409258803250431,0.1787543170179826,0.44709392772436307,0.19813887761391485,0.3939245622621848,0.33804573804573806,0.1809762134667954,0.22851800110144144,0
113,113001,2003,0.08316442925570108,0.1225026975770853,0.3182609845896074,0.4690093941050748,0.3395600558659218,0.39133218419108595,0.41788734071692263,0.41422049934967226,0.11512500187916237,0.659614443374331,0.1329467118940803,0.49814358960410177,0.3290447639523704,0
113,113001,2004,0.10513256319133271,0.10997940032043946,0.2590665579047157,0.4053630896167802,0.7433077281191806,0.08746614134449643,0.3771386606327657,0.0736783045573946,0.38004179257054377,0.2603375594044555,0.13977459240617135,0.26027825755824235,0.19836526165458915,0
113,113001,2005,0.1245648637103151,0.08753228918026355,0.30084437487598925,0.227024205974452,0.811161545623836,0.5430189608470819,0.3893057044182446,0.40486088087526456,0.1839023436912762,0.4049291883101505,0.27552248604880186,0.4861891226590869,0.3696300836659956,0
113,113001,2006,0.2473482817229125,0.2107379916947324,0.2837143676006966,0.4935632983746707,0.7064711359404097,0.6993351391282935,0.12595768329959112,0.5459182372293488,0.3224492250334491,0.27192636215798033,0.149141043877886,0.4298168069741191,0.4041792549401519,0
113,113001,2007,0.31543404560864546,0.3210770689598797,0.1452192508653189,0.3941547790645658,0.6655318901303537,0.9413937453829105,0.4379341828430789,0.2409527938588661,0.32389242171409677,0.3732573377330787,0.23559470401575666,0.20891076990031143,0.4487129624732029,1
113,113001,2008,0.20622960653681502,0.4345714939672367,0.5895853083180845,0.5197574432128834,0.3482018156424581,0.5683329229253878,0.3992497320471597,0.411899722016781,0.26893068145943266,0.733062822678687,0.260958529379582,0.2794135647159624,0.527960746366643,1
113,113001,2009,0.6243149159721149,0.3715626328352353,0.557375603518596,0.2479496992892291,0.1613419459962756,0.1772223590248707,0.19425588503830732,0.2931065262298845,0.16306619161442595,0.37358889748488244,0.1552029762556078,0.21900202641134792,0.3678410190512046,0
113,113001,2010,0.28216827390636506,0.07391361213746199,0.11177495094689036,0.5379740543764601,0.6749592644320297,0.5525240088648116,0.5996387598745584,0.8771518196424473,0.5537966596010163,0.31796580197988533,0.3278148593938068,0.5029172163364115,0.5885773669324853,0
113,113002,2000,0.19004208211010426,0.4064185985678318,0.4141625697215547,0.6830110840499031,0.2552956238361266,1.0,0.007919495057758713,0.5417612404682359,0.2620454306288429,0.4823878617553721,0.1752817594922858,0.3002352813175754,0.4414260245117409,0
113,113002,2001,0.373194695654545,0.21780073897263186,0.33153288211821247,0.6687211093990755,0.22637337057728119,0.5896823442501847,0.09132229764598468,0.1590625079697024,0.3731866083374675,0.7146217850545494,0.23526644052959841,0.2205932353221178,0.43382483346142003,1
113,113002,2002,0.0946165801696009,0.09984305006049113,0.13479133137855773,0.4062577662905711,0.4353177374301676,0.4409258803250431,0.1787543170179826,0.44709392772436307,0.19813887761391485,0.3939245622621848,0.33804573804573806,0.1809762134667954,0.22851800110144144,1
113,113002,2003,0.08316442925570108,0.1225026975770853,0.3182609845896074,0.4690093941050748,0.3395600558659218,0.39133218419108595,0.41788734071692263,0.41422049934967226,0.11512500187916237,0.659614443374331,0.1329467118940803,0.49814358960410177,0.3290447639523704,0
113,113002,2004,0.10513256319133271,0.10997940032043946,0.2590665579047157,0.4053630896167802,0.7433077281191806,0.08746614134449643,0.3771386606327657,0.0736783045573946,0.38004179257054377,0.2603375594044555,0.13977459240617135,0.26027825755824235,0.19836526165458915,0
113,113002,2005,0.1245648637103151,0.08753228918026355,0.30084437487598925,0.227024205974452,0.811161545623836,0.5430189608470819,0.3893057044182446,0.40486088087526456,0.1839023436912762,0.4049291883101505,0.27552248604880186,0.4861891226590869,0.3696300836659956,0
113,113002,2006,0.2473482817229125,0.2107379916947324,0.2837143676006966,0.4935632983746707,0.7064711359404097,0.6993351391282935,0.12595768329959112,0.5459182372293488,0.3224492250334491,0.27192636215798033,0.149141043877886,0.4298168069741191,0.4041792549401519,0
113,113002,2007,0.31543404560864546,0.3210770689598797,0.1452192508653189,0.3941547790645658,0.6655318901303537,0.9413937453829105,0.4379341828430789,0.2409527938588661,0.32389242171409677,0.3732573377330787,0.23559470401575666,0.20891076990031143,0.4487129624732029,1
113,113002,2008,0.20622960653681502,0.4345714939672367,0.5895853083180845,0.5197574432128834,0.3482018156424581,0.5683329229253878,0.3992497320471597,0.411899722016781,0.26893068145943266,0.733062822678687,0.260958529379582,0.2794135647159624,0.527960746366643,1
113,113002,2009,0.6243149159721149,0.3715626328352353,0.557375603518596,0.2479496992892291,0.1613419459962756,0.1772223590248707,0.19425588503830732,0.2931065262298845,0.16306619161442595,0.37358889748488244,0.1552029762556078,0.21900202641134792,0.3678410190512046,1
113,113002,2010,0.28216827390636506,0.07391361213746199,0.11177495094689036,0.5379740543764601,0.6749592644320297,0.5525240088648116,0.5996387598745584,0.8771518196424473,0.5537966596010163,0.31796580197988533,0.3278148593938068,0.5029172163364115,0.5885773669324853,0
113,113003,2000,0.19004208211010426,0.4064185985678318,0.4141625697215547,0.6830110840499031,0.2552956238361266,1.0,0.007919495057758713,0.5417612404682359,0.2620454306288429,0.4823878617553721,0.1752817594922858,0.3002352813175754,0.4414260245117409,0
113,113003,2001,0.373194695654545,0.21780073897263186,0.33153288211821247,0.6687211093990755,0.22637337057728119,0.5896823442501847,0.09132229764598468,0.1590625079697024,0.3731866083374675,0.7146217850545494,0.23526644052959841,0.2205932353221178,0.43382483346142003,1
113,113003,2002,0.0946165801696009,0.09984305006049113,0.13479133137855773,0.4062577662905711,0.4353177374301676,0.4409258803250431,0.1787543170179826,0.44709392772436307,0.19813887761391485,0.3939245622621848,0.33804573804573806,0.1809762134667954,0.22851800110144144,0
113,113003,2003,0.08316442925570108,0.1225026975770853,0.3182609845896074,0.4690093941050748,0.3395600558659218,0.39133218419108595,0.41788734071692263,0.41422049934967226,0.11512500187916237,0.659614443374331,0.1329467118940803,0.49814358960410177,0.3290447639523704,0
113,113003,2004,0.10513256319133271,0.10997940032043946,0.2590665579047157,0.4053630896167802,0.7433077281191806,0.08746614134449643,0.3771386606327657,0.0736783045573946,0.38004179257054377,0.2603375594044555,0.13977459240617135,0.26027825755824235,0.19836526165458915,0
113,113003,2005,0.1245648637103151,0.08753228918026355,0.30084437487598925,0.227024205974452,0.811161545623836,0.5430189608470819,0.3893057044182446,0.40486088087526456,0.1839023436912762,0.4049291883101505,0.27552248604880186,0.4861891226590869,0.3696300836659956,0
113,113003,2006,0.2473482817229125,0.2107379916947324,0.2837143676006966,0.4935632983746707,0.7064711359404097,0.6993351391282935,0.12595768329959112,0.5459182372293488,0.3224492250334491,0.27192636215798033,0.149141043877886,0.4298168069741191,0.4041792549401519,0
113,113003,2007,0.31543404560864546,0.3210770689598797,0.1452192508653189,0.3941547790645658,0.6655318901303537,0.9413937453829105,0.4379341828430789,0.2409527938588661,0.32389242171409677,0.3732573377330787,0.23559470401575666,0.20891076990031143,0.4487129624732029,0
113,113003,2008,0.20622960653681502,0.4345714939672367,0.5895853083180845,0.5197574432128834,0.3482018156424581,0.5683329229253878,0.3992497320471597,0.411899722016781,0.26893068145943266,0.733062822678687,0.260958529379582,0.2794135647159624,0.527960746366643,1
113,113003,2009,0.6243149159721149,0.3715626328352353,0.557375603518596,0.2479496992892291,0.1613419459962756,0.1772223590248707,0.19425588503830732,0.2931065262298845,0.16306619161442595,0.37358889748488244,0.1552029762556078,0.21900202641134792,0.3678410190512046,1
113,113003,2010,0.28216827390636506,0.07391361213746199,0.11177495094689036,0.5379740543764601,0.6749592644320297,0.5525240088648116,0.5996387598745584,0.8771518196424473,0.5537966596010163,0.31796580197988533,0.3278148593938068,0.5029172163364115,0.5885773669324853,0
113,113003,2000,0.19004208211010426,0.4064185985678318,0.4141625697215547,0.6830110840499031,0.2552956238361266,1.0,0.007919495057758713,0.5417612404682359,0.2620454306288429,0.4823878617553721,0.1752817594922858,0.3002352813175754,0.4414260245117409,0
113,113003,2001,0.373194695654545,0.21780073897263186,0.33153288211821247,0.6687211093990755,0.22637337057728119,0.5896823442501847,0.09132229764598468,0.1590625079697024,0.3731866083374675,0.7146217850545494,0.23526644052959841,0.2205932353221178,0.43382483346142003,1
113,113003,2002,0.0946165801696009,0.09984305006049113,0.13479133137855773,0.4062577662905711,0.4353177374301676,0.4409258803250431,0.1787543170179826,0.44709392772436307,0.19813887761391485,0.3939245622621848,0.33804573804573806,0.1809762134667954,0.22851800110144144,0
113,113003,2003,0.08316442925570108,0.1225026975770853,0.3182609845896074,0.4690093941050748,0.3395600558659218,0.39133218419108595,0.41788734071692263,0.41422049934967226,0.11512500187916237,0.659614443374331,0.1329467118940803,0.49814358960410177,0.3290447639523704,0
113,113003,2004,0.10513256319133271,0.10997940032043946,0.2590665579047157,0.4053630896167802,0.7433077281191806,0.08746614134449643,0.3771386606327657,0.0736783045573946,0.38004179257054377,0.2603375594044555,0.13977459240617135,0.26027825755824235,0.19836526165458915,0
113,113003,2005,0.1245648637103151,0.08753228918026355,0.30084437487598925,0.227024205974452,0.811161545623836,0.5430189608470819,0.3893057044182446,0.40486088087526456,0.1839023436912762,0.4049291883101505,0.27552248604880186,0.4861891226590869,0.3696300836659956,0
113,113003,2006,0.2473482817229125,0.2107379916947324,0.2837143676006966,0.4935632983746707,0.7064711359404097,0.6993351391282935,0.12595768329959112,0.5459182372293488,0.3224492250334491,0.27192636215798033,0.149141043877886,0.4298168069741191,0.4041792549401519,0
113,113003,2007,0.31543404560864546,0.3210770689598797,0.1452192508653189,0.3941547790645658,0.6655318901303537,0.9413937453829105,0.4379341828430789,0.2409527938588661,0.32389242171409677,0.3732573377330787,0.23559470401575666,0.20891076990031143,0.4487129624732029,0
113,113003,2008,0.20622960653681502,0.4345714939672367,0.5895853083180845,0.5197574432128834,0.3482018156424581,0.5683329229253878,0.3992497320471597,0.411899722016781,0.26893068145943266,0.733062822678687,0.260958529379582,0.2794135647159624,0.527960746366643,1
113,113003,2009,0.6243149159721149,0.3715626328352353,0.557375603518596,0.2479496992892291,0.1613419459962756,0.1772223590248707,0.19425588503830732,0.2931065262298845,0.16306619161442595,0.37358889748488244,0.1552029762556078,0.21900202641134792,0.3678410190512046,1
113,113003,2010,0.28216827390636506,0.07391361213746199,0.11177495094689036,0.5379740543764601,0.6749592644320297,0.5525240088648116,0.5996387598745584,0.8771518196424473,0.5537966596010163,0.31796580197988533,0.3278148593938068,0.5029172163364115,0.5885773669324853,0
113,113004,2000,0.19004208211010426,0.4064185985678318,0.4141625697215547,0.6830110840499031,0.2552956238361266,1.0,0.007919495057758713,0.5417612404682359,0.2620454306288429,0.4823878617553721,0.1752817594922858,0.3002352813175754,0.4414260245117409,0
113,113004,2001,0.373194695654545,0.21780073897263186,0.33153288211821247,0.6687211093990755,0.22637337057728119,0.5896823442501847,0.09132229764598468,0.1590625079697024,0.3731866083374675,0.7146217850545494,0.23526644052959841,0.2205932353221178,0.43382483346142003,0
113,113004,2002,0.0946165801696009,0.09984305006049113,0.13479133137855773,0.4062577662905711,0.4353177374301676,0.4409258803250431,0.1787543170179826,0.44709392772436307,0.19813887761391485,0.3939245622621848,0.33804573804573806,0.1809762134667954,0.22851800110144144,0
113,113004,2003,0.08316442925570108,0.1225026975770853,0.3182609845896074,0.4690093941050748,0.3395600558659218,0.39133218419108595,0.41788734071692263,0.41422049934967226,0.11512500187916237,0.659614443374331,0.1329467118940803,0.49814358960410177,0.3290447639523704,0
113,113004,2004,0.10513256319133271,0.10997940032043946,0.2590665579047157,0.4053630896167802,0.7433077281191806,0.08746614134449643,0.3771386606327657,0.0736783045573946,0.38004179257054377,0.2603375594044555,0.13977459240617135,0.26027825755824235,0.19836526165458915,0
113,113004,2005,0.1245648637103151,0.08753228918026355,0.30084437487598925,0.227024205974452,0.811161545623836,0.5430189608470819,0.3893057044182446,0.40486088087526456,0.1839023436912762,0.4049291883101505,0.27552248604880186,0.4861891226590869,0.3696300836659956,0
113,113004,2006,0.2473482817229125,0.2107379916947324,0.2837143676006966,0.4935632983746707,0.7064711359404097,0.6993351391282935,0.12595768329959112,0.5459182372293488,0.3224492250334491,0.27192636215798033,0.149141043877886,0.4298168069741191,0.4041792549401519,0
113,113004,2007,0.31543404560864546,0.3210770689598797,0.1452192508653189,0.3941547790645658,0.6655318901303537,0.9413937453829105,0.4379341828430789,0.2409527938588661,0.32389242171409677,0.3732573377330787,0.23559470401575666,0.20891076990031143,0.4487129624732029,0
113,113004,2008,0.20622960653681502,0.4345714939672367,0.5895853083180845,0.5197574432128834,0.3482018156424581,0.5683329229253878,0.3992497320471597,0.411899722016781,0.26893068145943266,0.733062822678687,0.260958529379582,0.2794135647159624,0.527960746366643,0
113,113004,2009,0.6243149159721149,0.3715626328352353,0.557375603518596,0.2479496992892291,0.1613419459962756,0.1772223590248707,0.19425588503830732,0.2931065262298845,0.16306619161442595,0.37358889748488244,0.1552029762556078,0.21900202641134792,0.3678410190512046,0
113,113004,2010,0.28216827390636506,0.07391361213746199,0.11177495094689036,0.5379740543764601,0.6749592644320297,0.5525240088648116,0.5996387598745584,0.8771518196424473,0.5537966596010163,0.31796580197988533,0.3278148593938068,0.5029172163364115,0.5885773669324853,0
113,113005,2000,0.3424374903429283,0.44336723016054674,0.5084768182720077,0.7325413787961628,0.12217760707635007,0.7840433390790447,0.15088722162677148,0.3015225319425671,0.6079616350215727,0.630752956407787,0.4017288543604333,0.2845951937330849,0.633356876386525,0
113,113005,2001,0.4891522681621116,0.47392342150868133,0.6249255935977425,0.6710820617326905,0.1013733705772812,0.35035705491258307,0.20830852288515736,0.2660732957588432,0.5334566063831387,0.4701833051770687,0.26008316008316007,0.2956792558038325,0.5609884348640466,0
113,113005,2002,0.3860556429110277,0.25942517084654876,0.5574637888842346,0.5257468065013172,0.314449487895717,0.48512681605515884,0.16275654003413917,0.5458417280865062,0.3266735819840948,0.3623790201619907,0.34619761461866727,0.2737287328809041,0.4793884199292463,0
113,113005,2003,0.545767703116621,0.41487100676846617,0.6050177473048347,0.622272478751429,0.42658868715083803,0.646417138635804,0.28964709618514545,0.38537655249802355,0.22309415355011353,0.630752956407787,0.3758726337673706,0.6520828516639694,0.741568838539252,0
113,113005,2004,0.36501458785890223,0.34970408396821767,0.3293062016358385,0.6033103036930265,0.9050570297951583,0.24964294508741686,0.33617164860466037,0.19040575348754174,0.340639516529112,0.3849882375230908,0.27649633439107124,0.6536740605747392,0.558539749904324,0
113,113005,2005,0.17354553138889142,0.31748029951280127,0.4035141868206971,0.31969779810129734,0.31337290502793297,0.4614380694410244,0.2775594458338295,0.30371579403738747,0.1556096754310799,0.620948260890159,0.08487799540431121,0.5244869371268479,0.3541258941433803,0
113,113005,2006,0.47897257846086727,0.2434031978550175,0.28752838466456493,0.7283662209851384,1.0,0.41866535336124105,0.13643761660910644,0.16671342225395935,0.18394744358754644,0.3543268547610402,0.28484516905569535,0.7056671517360498,0.5601950236000958,0
113,113005,2007,0.6387482617270934,0.7513160906385902,0.3716792698251724,0.6447636562453403,0.38599860335195535,0.6944102437823196,0.5997181533087212,0.4370457269643722,0.4245403568905125,0.33785938708811597,0.3424772951088741,0.6090930109208612,0.8285889414026889,0
113,113005,2008,0.32217809003571984,0.694601576038976,0.9521153464582552,0.8205676226452607,0.5536254655493482,0.48985471558729377,0.7871660513675519,1.0,0.5659886648927375,0.4980185357689818,0.35084801400590876,0.7012335269077508,0.9877970236187642,0
113,113005,2009,1.0,0.5880227577412288,0.663859432527172,0.5643173119936379,0.3697043761638733,0.3157596651071165,0.037116430471200036,0.573869577414501,0.1271817074820728,0.43887459147102015,0.36862895283947916,0.5763168273742333,0.78955621863303,1
113,113005,2010,0.379329776501277,0.1847758558676389,0.2686126237350911,0.6329340424474379,0.5307844506517692,0.5386111795124354,0.6927474097892103,0.8699344571676315,0.5284655511958989,0.5503102451963308,0.378082941240836,0.38123733492907563,0.7005074720672563,0
113,113006,2000,0.4089417667215037,0.4454762449726973,0.4788465354174474,0.7102738704706992,0.15240921787709497,0.6057621275547894,0.10515660354888651,0.23710183366912346,0.6914716096152979,0.4860350190252144,0.3040048145311303,0.21785962001387207,0.5609448750299474,0
113,113006,2001,0.4101596938821883,0.49288820586600407,0.5184197182477568,0.6883542919628212,0.1572392923649907,0.3081507017975868,0.29018300186574564,0.23763739766902145,0.45979344247508236,0.40964996763345285,0.22781485939380675,0.29011682465421806,0.4970706011568248,0
113,113006,2002,0.3591339992547013,0.3463361998495897,0.6207367887299102,0.5880510959789255,0.31634078212290506,0.3954937207584339,0.10009527212099557,0.48422636505062355,0.3542145853064539,0.45158438195683415,0.3243790349053507,0.2873288090413306,0.49516641412334267,0
113,113006,2003,0.594248475318797,0.4635745348723147,0.5835887034546617,0.6998111238133108,0.3810521415270018,0.6385373060822457,0.2842086459449803,0.2935910841345541,0.23399329514875453,0.509259990211093,0.40691541744173326,0.6080050048280271,0.7332613558931788,0
113,113006,2004,0.47021986311952957,0.3463852467056862,0.43742145990872816,0.6444405785575824,0.9324662476722532,0.2538537306082246,0.2950855464253106,0.1443982555915432,0.32159232700431456,0.31052939040371347,0.3659262501367765,0.6577404833467068,0.6134873692038195,0
113,113006,2005,0.2397862265162739,0.3436386227642808,0.4949624109878965,0.35665291515482883,0.438576582867784,0.4947549864565378,0.24822357191060299,0.32572492412843335,0.15914250063891522,0.5713248180368505,0.07279789911368857,0.4110079016442492,0.3765467630376139,0
113,113006,2006,0.4287012715523118,0.26565412157080737,0.47635529883815775,0.6828619712709378,0.814856843575419,0.3052203890667324,0.10866976301059901,0.07230113998622834,0.17019197522512367,0.25680092205188115,0.2631797789692527,0.6330835452678535,0.4733336029894492,0
113,113006,2007,0.6012833680230498,0.7737958996828304,0.456513591569479,0.6484169193299865,0.30231610800744874,0.5728638266436837,0.5588702314318607,0.4662722195302338,0.4165877418481938,0.3292546221008258,0.30560236349710035,0.6423587972092645,0.7991176022178178,0
113,113006,2008,0.3655599283786118,0.7195010299839781,0.9738971317709826,0.8724837218549629,0.5371566573556797,0.43112533858655505,0.7240085744908895,0.9414194996302058,0.5000075166493785,0.5361952729052528,0.3592953277163804,0.7580274449536918,1.0,1
113,113006,2009,0.9110276942093926,0.6242847333485925,0.758305959126083,0.6822406680252497,0.5668645251396648,0.3102930312730855,0.03854551228613393,0.5504577797046746,0.11998075737759138,0.43424854350537606,0.42699420067841126,0.5383454147343225,0.8173660612886865,0
113,113006,2010,0.3554438617380003,0.28934375306542853,0.4952931061090412,0.6233659724638402,0.4768389199255121,0.5648116227530164,0.693958159660196,0.8250745964142714,0.4574632811677866,0.464515212277184,0.38821534084691983,0.361734825715024,0.7020974060118793,0
113,113007,2000,0.4089417667215037,0.4454762449726973,0.4788465354174474,0.7102738704706992,0.15240921787709497,0.6057621275547894,0.10515660354888651,0.23710183366912346,0.6914716096152979,0.4860350190252144,0.3040048145311303,0.21785962001387207,0.5609448750299474,0
113,113007,2001,0.4101596938821883,0.49288820586600407,0.5184197182477568,0.6883542919628212,0.1572392923649907,0.3081507017975868,0.29018300186574564,0.23763739766902145,0.45979344247508236,0.40964996763345285,0.22781485939380675,0.29011682465421806,0.4970706011568248,0
113,113007,2002,0.3591339992547013,0.3463361998495897,0.6207367887299102,0.5880510959789255,0.31634078212290506,0.3954937207584339,0.10009527212099557,0.48422636505062355,0.3542145853064539,0.45158438195683415,0.3243790349053507,0.2873288090413306,0.49516641412334267,0
113,113007,2003,0.594248475318797,0.4635745348723147,0.5835887034546617,0.6998111238133108,0.3810521415270018,0.6385373060822457,0.2842086459449803,0.2935910841345541,0.23399329514875453,0.509259990211093,0.40691541744173326,0.6080050048280271,0.7332613558931788,0
113,113007,2004,0.47021986311952957,0.3463852467056862,0.43742145990872816,0.6444405785575824,0.9324662476722532,0.2538537306082246,0.2950855464253106,0.1443982555915432,0.32159232700431456,0.31052939040371347,0.3659262501367765,0.6577404833467068,0.6134873692038195,0
113,113007,2005,0.2397862265162739,0.3436386227642808,0.4949624109878965,0.35665291515482883,0.438576582867784,0.4947549864565378,0.24822357191060299,0.32572492412843335,0.15914250063891522,0.5713248180368505,0.07279789911368857,0.4110079016442492,0.3765467630376139,0
113,113007,2006,0.4287012715523118,0.26565412157080737,0.47635529883815775,0.6828619712709378,0.814856843575419,0.3052203890667324,0.10866976301059901,0.07230113998622834,0.17019197522512367,0.25680092205188115,0.2631797789692527,0.6330835452678535,0.4733336029894492,0
113,113007,2007,0.6012833680230498,0.7737958996828304,0.456513591569479,0.6484169193299865,0.30231610800744874,0.5728638266436837,0.5588702314318607,0.4662722195302338,0.4165877418481938,0.3292546221008258,0.30560236349710035,0.6423587972092645,0.7991176022178178,0
113,113007,2008,0.3655599283786118,0.7195010299839781,0.9738971317709826,0.8724837218549629,0.5371566573556797,0.43112533858655505,0.7240085744908895,0.9414194996302058,0.5000075166493785,0.5361952729052528,0.3592953277163804,0.7580274449536918,1.0,1
113,113007,2009,0.9110276942093926,0.6242847333485925,0.758305959126083,0.6822406680252497,0.5668645251396648,0.3102930312730855,0.03854551228613393,0.5504577797046746,0.11998075737759138,0.43424854350537606,0.42699420067841126,0.5383454147343225,0.8173660612886865,1
113,113007,2010,0.3554438617380003,0.28934375306542853,0.4952931061090412,0.6233659724638402,0.4768389199255121,0.5648116227530164,0.693958159660196,0.8250745964142714,0.4574632811677866,0.464515212277184,0.38821534084691983,0.361734825715024,0.7020974060118793,0
113,113008,2000,0.47879988729629264,0.39786809665500444,0.3641394210630746,0.6015955067349272,0.22381284916201116,0.4401625215464171,0.0,0.18989569253525798,0.6661705678076941,0.32720210935156385,0.1288981288981289,0.18638904377864515,0.41694228633123515,0
113,113008,2001,0.3207692936931369,0.48996174345224475,0.3666747503251835,0.5554202495153835,0.18214618249534453,0.24385619305589756,0.35800484299948393,0.2210094106245696,0.32760564650701307,0.3730678750177622,0.16250136776452564,0.25505582831263857,0.3698354371696064,0
113,113008,2002,0.3749670523436009,0.4420266160939084,0.5400251328292069,0.5164272578159949,0.2685637802607076,0.3112041369120906,0.005557540391409624,0.4202647216342353,0.3608593033569356,0.4745251590697381,0.2609038187985556,0.2594486529124563,0.44152247843010356,0
113,113008,2003,0.5852049117002809,0.48927508746689335,0.4526554818227915,0.6641731696406382,0.2847416201117318,0.4359271115488796,0.251776428089397,0.16015913901711257,0.19621461537305135,0.38388303835041127,0.30156472261735423,0.45671775761944267,0.5577587843072586,0
113,113008,2004,0.5630095525481036,0.2969950626164863,0.515443462157455,0.5196083304339182,0.8602770018621972,0.20352130017237133,0.25820729625659955,0.06194690265486727,0.28373848073482766,0.24404376588723808,0.37249151985994094,0.6089162099307757,0.5710818707081895,0
113,113008,2005,0.29915563109531645,0.3302488310499297,0.4474525452501157,0.32765047964610566,0.43284450651769085,0.561881310022162,0.16775832638640784,0.2556935553798679,0.15299388144740603,0.48249838167264003,0.09371922529817266,0.35188837057487526,0.3443404885546535,0
113,113008,2006,0.3757668851058415,0.3482163293332898,0.5546418571838004,0.629678413440032,0.5795798417132216,0.229056882541246,0.11956651184947005,0.1408278289255566,0.22283858747124885,0.1658746072595797,0.1972972972972973,0.47403065457166565,0.3884572662470402,0
113,113008,2007,0.472801141579488,0.7218062322205147,0.5320002645560968,0.5437894527561012,0.2486615456238361,0.6551342033981777,0.5202651740701043,0.33613016755502284,0.25846750552473735,0.2732683897248054,0.23305613305613307,0.5661439704062343,0.6436961141516567,0
113,113008,2008,0.42356598165838055,0.6295981427590492,0.8935382173328336,0.6031611909140614,0.42891643389199263,0.42226052696380206,0.43858917867492353,0.7953635459437403,0.2746132683894827,0.6492413597107537,0.3196082722398512,0.7812155748072189,0.8520708033989115,1
113,113008,2009,0.7256664515601283,0.601510643167773,0.7149187592319055,0.6538843878920423,0.6991678305400372,0.2643930066486087,0.07099757850025801,0.3506669046951111,0.11147191028127304,0.35211645641568123,0.40072217966954815,0.41095350133960756,0.6743995743581924,1
113,113008,2010,0.2883397107877444,0.36113200143870783,0.637492008201239,0.28612257070430935,0.33598114525139666,0.43014035951736024,0.6328252153546902,0.6437224248297672,0.26796855033900097,0.2600059996526517,0.28325856220593065,0.34434032830583855,0.4935049175941281,0
113,113009,2000,0.5404779000754387,0.49014158192459867,0.4516413501179479,0.7376609175406332,0.30833915270018625,0.43959615858163015,0.013119764995434876,0.2109612098645788,0.6725446864805545,0.3071822157664556,0.11901739796476639,0.22109643814005359,0.501096774394285,0
113,113009,2001,0.3283949719604083,0.5740280548016873,0.44121343063118673,0.6983697002833142,0.2497381284916201,0.28537306082245756,0.40441030526775423,0.2203463313866007,0.31386521144334706,0.4346116803763993,0.19139949666265457,0.27400073440411266,0.4583676885596318,1
113,113009,2002,0.40984157857902437,0.5497825589379721,0.6701205934875107,0.6633779014861574,0.3534683426443203,0.32681605515882783,0.04410305267754356,0.42153987401494475,0.4134307491092771,0.5313481851050729,0.3047379363168837,0.315943369282868,0.5754440769515583,1
113,113009,2003,0.6688419694063968,0.5885949710623549,0.5717939108005027,0.8724340175953078,0.3414513500931099,0.44183698596404825,0.288734071692271,0.16350003825457146,0.2584224056284671,0.4494213492903043,0.35628624575993,0.5440302465693808,0.7225176339542684,0
113,113009,2004,0.7010443270952438,0.31806886178595956,0.6704071959258361,0.6679009891147671,0.9981087057728119,0.24410243782319624,0.34359493469890035,0.08030909693708396,0.37446443873179097,0.2634321170879581,0.4817813765182187,0.6926926790790029,0.7711148517254361,0
113,113009,2005,0.3975805058942221,0.36893045155805515,0.5966180912277608,0.41512997663899803,0.6327979515828677,0.6596651071164737,0.2081100392997499,0.28502206013618625,0.18975029690765047,0.5072390545810507,0.13473027683554,0.35614519441308873,0.48616819696512414,0
113,113009,2006,0.35627096152622634,0.42338881077722923,0.7313432835820896,0.6964063820269396,0.6185114059590316,0.25520807682836744,0.1247270850700647,0.16171482492157813,0.23827778529442717,0.13750256564093655,0.2102746471167524,0.5111180622611486,0.4499855319122455,0
113,113009,2007,0.4788907773829108,0.7713108589739398,0.6049075155977865,0.638476067398976,0.266701582867784,0.6906673233193795,0.5277083085228851,0.33717579250720464,0.26950194681218903,0.2948671392708843,0.2591530802057118,0.6620381074134015,0.7209557027601378,1
113,113009,2008,0.4493242322059933,0.6355818592028252,1.0,0.7001342015010685,0.4002851489757914,0.4112041369120906,0.3743003453614386,0.6990385351049451,0.2461853004404757,0.6866760345453684,0.33401903928219717,0.8155557671122958,0.8763616337426922,1
113,113009,2009,0.7433263953900549,0.6638982441225517,0.8739169734782513,0.8646553009592921,0.8196287243947858,0.28978084215710415,0.11275852486999324,0.33396240850781667,0.13659255250379593,0.42970143833778046,0.476726118831382,0.4647146024017735,0.8161432745171859,1
113,113009,2010,0.33126709869754506,0.412140731779093,0.8315659516303269,0.37377603260599435,0.45385242085661087,0.5007387343018961,0.667420904291215,0.6996251052000714,0.2582269727446294,0.266179326460047,0.3008863114126272,0.39181819418188746,0.605111435389876,0
113,113010,2000,0.5624823900457178,0.5183598731321323,0.4586079940033951,0.785352154679656,0.3363012104283054,0.40765821226298943,0.07018379580008732,0.2290173675754253,0.5114328237045056,0.32134455373636256,0.16838822628296313,0.31760257857444,0.5366291533523959,0
113,113010,2001,0.36217881715641276,0.6614459013177255,0.509821645097996,0.7160644167205129,0.19832402234636876,0.2727899532134942,0.4022666825453534,0.18107163806074825,0.30679956102767636,0.48936640510286245,0.2118721960827224,0.21460920181153012,0.48780791357728914,0
113,113010,2002,0.5500668042136645,0.681685903933558,0.7315196543133666,0.5769918982056762,0.3540793761638734,0.31723713371090867,0.11117065618673333,0.3538292825992706,0.35011049474586214,0.44365852503276126,0.29296421928000876,0.3165145724816059,0.613904299044484,0
113,113010,2003,0.63893004190033,0.7119805120491777,0.6554156837672788,0.9221134251205327,0.3346426908752328,0.3706476237379956,0.30481124211027744,0.16923822396776417,0.2821299177678558,0.5525837977801286,0.29868694605536716,0.5678303798501272,0.7615845823078622,0
113,113010,2004,0.7842814684202394,0.3147990713795246,0.7316960250446439,0.6230677469059098,0.7622206703910613,0.1872691455306575,0.43283315469810646,0.0569993114177144,0.4118221861423053,0.2882990984732463,0.4226830068935332,0.6977111071822002,0.7777328350918021,0
113,113010,2005,0.46837479436117907,0.4460321093417912,0.6523071496285191,0.43518564540981164,0.6499359869646183,0.6215710416153657,0.21974117740462862,0.20055596643798929,0.19777807844375295,0.47640399766329317,0.1517562096509465,0.3377034911395504,0.5201915388133679,0
113,113010,2006,0.33847468256637253,0.5455154824575745,0.6298860204149122,0.6744370992594065,0.6049231843575418,0.38832799803004187,0.10700250089317612,0.21205784091198898,0.2448774034486388,0.15523311808263734,0.1722507933034249,0.5140556787118008,0.46351086040006595,0
113,113010,2007,0.49144269834489157,0.6998986364974006,0.5602857205846691,0.6268452706396938,0.34663058659217877,0.7295001231223837,0.4909888452225,0.2937951085154676,0.27327530480013235,0.3338806700664699,0.2867490972754131,0.7378313318554583,0.7399757931779077,0
113,113010,2008,0.4210846822937022,0.5870581695713305,0.9965387243986861,0.6507281674039465,0.4500989292364991,0.44900270869244024,0.30790758604263424,0.6475223789242813,0.23077616921481087,0.6442363863144766,0.3433088959404749,0.7221640441186471,0.8139123887279596,0
113,113010,2009,0.7093062359688428,0.6285681587810222,0.8004585639013206,0.8859038719618271,0.7361499068901304,0.3619305589756218,0.13159461712516377,0.30098696794266916,0.12596401028277635,0.5227276315581729,0.4127147390305285,0.5052564294360049,0.7963920011698926,1
113,113010,2010,0.40903265680812195,0.4680704966811628,0.8157807711810225,0.4413738257368656,0.582635009310987,0.4760650086185669,0.6777420507324045,0.7554002703323046,0.30101174100632905,0.3362647425675356,0.2622715833242149,0.4101102966176611,0.6835564737692013,0
113,113011,2000,0.5619734055606556,0.5208122159369585,0.42791948676117203,0.7434266116606193,0.3186103351955308,0.38428958384634326,0.12351633519907901,0.27923286832776517,0.34420240833446086,0.31363973664682565,0.24563956669219827,0.3942798079669246,0.5403628534180468,0
113,113011,2001,0.38361978858965856,0.7093483307719975,0.5627990035053683,0.6973259108305582,0.11190642458100557,0.2632602807190347,0.3811083323409154,0.13075412511795162,0.3086035568784859,0.5246538358305572,0.2460553671079987,0.18026900950645322,0.4986947606853828,0
113,113011,2002,0.6935368059405761,0.7769185495209758,0.7418373420930796,0.4617774243252647,0.3272229981378026,0.28485594681113025,0.1529316025564686,0.27125041442452374,0.23952554909123713,0.36449468714969135,0.2708720866615604,0.2965904609065811,0.6083535316135495,0
113,113011,2003,0.5740345200548976,0.8005100873034039,0.6695253422694504,0.9657289129678412,0.3175337523277468,0.27653287367643437,0.30117899249732044,0.1821427660605442,0.2697424795922969,0.6213587634400114,0.23779406937301675,0.5834840675107781,0.7482054904059465,0
113,113011,2004,0.8110940439726239,0.30995978157800086,0.7379130933221633,0.5527362194940106,0.5389606610800746,0.12277764097512929,0.47820650232225786,0.014587743235316617,0.4181812715164088,0.3230339296146013,0.32292373345004927,0.6886398563831958,0.7257037246769571,0
113,113011,2005,0.5051761904329095,0.4928718569139719,0.6341409643069733,0.4402803320244545,0.6526710893854748,0.5287613888204876,0.20580762970902303,0.12126699140547298,0.19725191298726683,0.48379304356063596,0.17480030637925376,0.31795618055461117,0.5198648400576233,0
113,113011,2006,0.31315270443452736,0.6784324624791551,0.4660596573998544,0.6103186043043889,0.5625290968342643,0.5098251662152179,0.07349847167639235,0.2271811481472036,0.2551752130970099,0.19909373667840286,0.14028887186781921,0.5368086061281944,0.46330239547973373,0
113,113011,2007,0.5243449097006989,0.5642186835823825,0.4580347891267444,0.5712013519558626,0.4871973929236499,0.797931543954691,0.4492675955698463,0.24097829690648034,0.31103895127707876,0.4063501586750241,0.3145530145530146,0.8007860844020727,0.7591203402645326,0
113,113011,2008,0.37788462412404683,0.5201255599516071,0.905553473401089,0.5734131915105124,0.5322683891992551,0.47515390297956167,0.25733396848080664,0.5879472596975339,0.22301898705632978,0.5854713674471478,0.3464164569427728,0.6205850752764216,0.7252183436684224,0
113,113011,2009,0.6849022477118422,0.5401039793349247,0.6289380277342975,0.7944728863263582,0.5345379422718808,0.4384634326520561,0.14130046445158984,0.29343806584886895,0.10350426194019754,0.6394050870739063,0.31152204836415365,0.5217261216662814,0.717604706951216,1
113,113011,2010,0.5288621470056261,0.5031716966942419,0.6683127934919201,0.5287042099507928,0.7371101024208565,0.4147993105146516,0.6501726807193046,0.7701410318533065,0.38029735864940845,0.4476530306140171,0.2157128788707736,0.4072678807001319,0.7521072069745517,0
113,113012,2000,0.5619734055606556,0.5208122159369585,0.42791948676117203,0.7434266116606193,0.3186103351955308,0.38428958384634326,0.12351633519907901,0.27923286832776517,0.34420240833446086,0.31363973664682565,0.24563956669219827,0.3942798079669246,0.5403628534180468,0
113,113012,2001,0.38361978858965856,0.7093483307719975,0.5627990035053683,0.6973259108305582,0.11190642458100557,0.2632602807190347,0.3811083323409154,0.13075412511795162,0.3086035568784859,0.5246538358305572,0.2460553671079987,0.18026900950645322,0.4986947606853828,0
113,113012,2002,0.6935368059405761,0.7769185495209758,0.7418373420930796,0.4617774243252647,0.3272229981378026,0.28485594681113025,0.1529316025564686,0.27125041442452374,0.23952554909123713,0.36449468714969135,0.2708720866615604,0.2965904609065811,0.6083535316135495,0
113,113012,2003,0.5740345200548976,0.8005100873034039,0.6695253422694504,0.9657289129678412,0.3175337523277468,0.27653287367643437,0.30117899249732044,0.1821427660605442,0.2697424795922969,0.6213587634400114,0.23779406937301675,0.5834840675107781,0.7482054904059465,0
113,113012,2004,0.8110940439726239,0.30995978157800086,0.7379130933221633,0.5527362194940106,0.5389606610800746,0.12277764097512929,0.47820650232225786,0.014587743235316617,0.4181812715164088,0.3230339296146013,0.32292373345004927,0.6886398563831958,0.7257037246769571,0
113,113012,2005,0.5051761904329095,0.4928718569139719,0.6341409643069733,0.4402803320244545,0.6526710893854748,0.5287613888204876,0.20580762970902303,0.12126699140547298,0.19725191298726683,0.48379304356063596,0.17480030637925376,0.31795618055461117,0.5198648400576233,0
113,113012,2006,0.31315270443452736,0.6784324624791551,0.4660596573998544,0.6103186043043889,0.5625290968342643,0.5098251662152179,0.07349847167639235,0.2271811481472036,0.2551752130970099,0.19909373667840286,0.14028887186781921,0.5368086061281944,0.46330239547973373,0
113,113012,2007,0.5243449097006989,0.5642186835823825,0.4580347891267444,0.5712013519558626,0.4871973929236499,0.797931543954691,0.4492675955698463,0.24097829690648034,0.31103895127707876,0.4063501586750241,0.3145530145530146,0.8007860844020727,0.7591203402645326,1
113,113012,2008,0.37788462412404683,0.5201255599516071,0.905553473401089,0.5734131915105124,0.5322683891992551,0.47515390297956167,0.25733396848080664,0.5879472596975339,0.22301898705632978,0.5854713674471478,0.3464164569427728,0.6205850752764216,0.7252183436684224,0
113,113012,2009,0.6849022477118422,0.5401039793349247,0.6289380277342975,0.7944728863263582,0.5345379422718808,0.4384634326520561,0.14130046445158984,0.29343806584886895,0.10350426194019754,0.6394050870739063,0.31152204836415365,0.5217261216662814,0.717604706951216,0
113,113012,2010,0.5288621470056261,0.5031716966942419,0.6683127934919201,0.5287042099507928,0.7371101024208565,0.4147993105146516,0.6501726807193046,0.7701410318533065,0.38029735864940845,0.4476530306140171,0.2157128788707736,0.4072678807001319,0.7521072069745517,0
113,113013,2000,0.5324704834443708,0.4572801883399274,0.33316431138252606,0.5913564292459864,0.26984404096834264,0.37128786013297216,0.09541105950537888,0.2536788146183469,0.3394819525248426,0.24906452784312488,0.23109749425538897,0.38469175427382396,0.4513452210194868,0
113,113013,2001,0.3232505930578152,0.6608082921884707,0.5198747767807932,0.5796759282270492,0.07288756983240223,0.2542230977591726,0.36193481799055216,0.11458519293055522,0.2777702611283994,0.46503623474430433,0.22348178137651822,0.21042037835411878,0.42005681446933235,1
113,113013,2002,0.667324104959872,0.6864434489749207,0.5435966401375691,0.35486356180724693,0.28229748603351956,0.22176803742920462,0.1155571434242388,0.23189921195582874,0.1869240367413822,0.3301703585581887,0.2491082175292702,0.22853567979980688,0.47794783398724944,1
113,113013,2003,0.5849776864837353,0.7108687833109898,0.52624616944818,0.8091356429245986,0.27740921787709494,0.21282935237626202,0.29758643960144493,0.16199535844533425,0.19493678497872793,0.5238959849692912,0.21502352554984133,0.6099634157951285,0.644601536417577,1
113,113013,2004,0.7640493351390164,0.2696105679625936,0.5965078595207125,0.43043888861275414,0.5362837523277467,0.12359024870721498,0.34619506966773844,0.0,0.34722410138456683,0.3155659409192099,0.2582120582120582,0.6784261991867155,0.6070934078413923,0
113,113013,2005,0.45369604537233127,0.36925743059869864,0.4473423135430675,0.34365525125503255,0.5293005121042831,0.4321595666092095,0.1595609543090786,0.11318252531177474,0.1680873133991792,0.4746514675466157,0.15717255717255715,0.3297610466618613,0.39646916430458273,0
113,113013,2006,0.2872581187569872,0.6935552431089168,0.3842897771114883,0.5614096128038173,0.5230737895716946,0.4459246491012066,0.08060418403398038,0.26816454566320674,0.2831221154858011,0.22070827478409147,0.13746580588685853,0.5263637476369868,0.44032147157565243,1
113,113013,2007,0.4741644928787618,0.45108393551973325,0.36793139178553314,0.43098563546895974,0.4759951117318435,0.8356808667815808,0.4551427096979079,0.20313177424702253,0.2930140260677401,0.4048660340717116,0.2967830178356494,0.7215792408437488,0.662818881321232,1
113,113013,2008,0.37003172064022977,0.4579504953732466,0.7710928371436759,0.5016650926984443,0.44995344506517687,0.4551342033981778,0.25280854273351594,0.5805258728418046,0.24060794660172286,0.5888974848824542,0.33582448845606744,0.6689469461028982,0.6821625590780249,1
113,113013,2009,0.6565899857302564,0.44133996010855703,0.5122467426530567,0.6242855012674586,0.3953677839851024,0.3253632110317655,0.12051923305942597,0.2943051694677514,0.08850102978096486,0.5606991174195178,0.3134806871648977,0.4343320322593807,0.5809606187985575,1
113,113013,2010,0.492460667315016,0.34120262891148684,0.4734672281134945,0.39176897460112337,0.6126920391061452,0.35412459985225314,0.5910245722678733,0.6224528831195327,0.4007877448548536,0.4610890948418776,0.22622825254404202,0.3733356906798678,0.6180362604504709,0
